model_id,recall,precision
rf_matched_flow_stats,0.0,1.0
rf_matched_flow_stats,0.002004008016032064,0.9999396086463339
rf_matched_flow_stats,0.004008016032064128,0.9998792172926679
rf_matched_flow_stats,0.0060120240480961915,0.9998188259390018
rf_matched_flow_stats,0.008016032064128256,0.9997584345853358
rf_matched_flow_stats,0.01002004008016032,0.9996980432316697
rf_matched_flow_stats,0.012024048096192383,0.9996376518780036
rf_matched_flow_stats,0.014028056112224447,0.997910509416273
rf_matched_flow_stats,0.01603206412825651,0.9817075679608805
rf_matched_flow_stats,0.018036072144288574,0.965504626505488
rf_matched_flow_stats,0.02004008016032064,0.9539915937955756
rf_matched_flow_stats,0.022044088176352703,0.9555126365176402
rf_matched_flow_stats,0.024048096192384766,0.9564711710103013
rf_matched_flow_stats,0.026052104208416832,0.9571216581540727
rf_matched_flow_stats,0.028056112224448895,0.9577721452978443
rf_matched_flow_stats,0.03006012024048096,0.9584226324416157
rf_matched_flow_stats,0.03206412825651302,0.9590731195853871
rf_matched_flow_stats,0.03406813627254509,0.9597236067291586
rf_matched_flow_stats,0.03607214428857715,0.9603740938729299
rf_matched_flow_stats,0.038076152304609215,0.9610245810167015
rf_matched_flow_stats,0.04008016032064128,0.961675068160473
rf_matched_flow_stats,0.04208416833667334,0.9623255553042444
rf_matched_flow_stats,0.044088176352705406,0.9629760424480159
rf_matched_flow_stats,0.04609218436873747,0.9636265295917873
rf_matched_flow_stats,0.04809619238476953,0.9642770167355588
rf_matched_flow_stats,0.0501002004008016,0.9649275038793304
rf_matched_flow_stats,0.052104208416833664,0.9655779910231017
rf_matched_flow_stats,0.05410821643286573,0.9662284781668733
rf_matched_flow_stats,0.05611222444889779,0.9668789653106445
rf_matched_flow_stats,0.058116232464929855,0.967529452454416
rf_matched_flow_stats,0.06012024048096192,0.9681799395981876
rf_matched_flow_stats,0.06212424849699398,0.9688304267419591
rf_matched_flow_stats,0.06412825651302605,0.9694809138857307
rf_matched_flow_stats,0.06613226452905811,0.9701314010295021
rf_matched_flow_stats,0.06813627254509018,0.9707818881732735
rf_matched_flow_stats,0.07014028056112225,0.9714323753170451
rf_matched_flow_stats,0.0721442885771543,0.9720828624608165
rf_matched_flow_stats,0.07414829659318636,0.972733349604588
rf_matched_flow_stats,0.07615230460921843,0.9733838367483595
rf_matched_flow_stats,0.0781563126252505,0.9740343238921307
rf_matched_flow_stats,0.08016032064128256,0.9746848110359023
rf_matched_flow_stats,0.08216432865731463,0.9753352981796738
rf_matched_flow_stats,0.08416833667334668,0.9759857853234452
rf_matched_flow_stats,0.08617234468937875,0.9766362724672167
rf_matched_flow_stats,0.08817635270541081,0.9770615706490549
rf_matched_flow_stats,0.09018036072144288,0.9772354789245565
rf_matched_flow_stats,0.09218436873747494,0.9772493859476762
rf_matched_flow_stats,0.09418837675350701,0.9772632929707958
rf_matched_flow_stats,0.09619238476953906,0.977245345540542
rf_matched_flow_stats,0.09819639278557113,0.9771654330828877
rf_matched_flow_stats,0.1002004008016032,0.9771818039496266
rf_matched_flow_stats,0.10220440881763526,0.9771981659114274
rf_matched_flow_stats,0.10420841683366733,0.9772143447903519
rf_matched_flow_stats,0.1062124248496994,0.9772305236692763
rf_matched_flow_stats,0.10821643286573146,0.9772465424075126
rf_matched_flow_stats,0.11022044088176351,0.9772625408119106
rf_matched_flow_stats,0.11222444889779558,0.977278438428434
rf_matched_flow_stats,0.11422845691382764,0.9772942798222254
rf_matched_flow_stats,0.11623246492985971,0.9772775107857746
rf_matched_flow_stats,0.11823647294589178,0.9772360633179243
rf_matched_flow_stats,0.12024048096192384,0.9772620792468377
rf_matched_flow_stats,0.1222444889779559,0.9773896524753868
rf_matched_flow_stats,0.12424849699398796,0.977517104875637
rf_matched_flow_stats,0.12625250501002003,0.9776444662922932
rf_matched_flow_stats,0.1282565130260521,0.9777717195906167
rf_matched_flow_stats,0.13026052104208416,0.9778740535606765
rf_matched_flow_stats,0.13226452905811623,0.9779232128951917
rf_matched_flow_stats,0.1342685370741483,0.9779586692654618
rf_matched_flow_stats,0.13627254509018036,0.9780528132032804
rf_matched_flow_stats,0.13827655310621242,0.9781610301988647
rf_matched_flow_stats,0.1402805611222445,0.9782460246725153
rf_matched_flow_stats,0.14228456913827653,0.9783305757677808
rf_matched_flow_stats,0.1442885771543086,0.978415020953241
rf_matched_flow_stats,0.14629258517034066,0.9784993819028249
rf_matched_flow_stats,0.14829659318637273,0.9785836061578223
rf_matched_flow_stats,0.1503006012024048,0.9786678065419819
rf_matched_flow_stats,0.15230460921843686,0.9787518862743265
rf_matched_flow_stats,0.15430861723446893,0.9788358728592159
rf_matched_flow_stats,0.156312625250501,0.9789198037331718
rf_matched_flow_stats,0.15831663326653306,0.9790211480177283
rf_matched_flow_stats,0.16032064128256512,0.9791287344439186
rf_matched_flow_stats,0.1623246492985972,0.9792362452182674
rf_matched_flow_stats,0.16432865731462926,0.9793436077119061
rf_matched_flow_stats,0.16633266533066132,0.9794509702055448
rf_matched_flow_stats,0.16833667334669336,0.9795583326991836
rf_matched_flow_stats,0.17034068136272543,0.9796376078979082
rf_matched_flow_stats,0.1723446893787575,0.9797011152236166
rf_matched_flow_stats,0.17434869739478956,0.9797651318611537
rf_matched_flow_stats,0.17635270541082163,0.9798416648857076
rf_matched_flow_stats,0.1783567134268537,0.9799298370288508
rf_matched_flow_stats,0.18036072144288576,0.9800180070963794
rf_matched_flow_stats,0.18236472945891782,0.9801059458341034
rf_matched_flow_stats,0.1843687374749499,0.9801938736718944
rf_matched_flow_stats,0.18637274549098196,0.9802823306943615
rf_matched_flow_stats,0.18837675350701402,0.9803708113185937
rf_matched_flow_stats,0.1903807615230461,0.9804590662915168
rf_matched_flow_stats,0.19238476953907813,0.9805473212644399
rf_matched_flow_stats,0.1943887775551102,0.9806397322469173
rf_matched_flow_stats,0.19639278557114226,0.9807482156599023
rf_matched_flow_stats,0.19839679358717432,0.9808566755349328
rf_matched_flow_stats,0.2004008016032064,0.9809649378843156
rf_matched_flow_stats,0.20240480961923846,0.9810731890896439
rf_matched_flow_stats,0.20440881763527052,0.9811073437389809
rf_matched_flow_stats,0.2064128256513026,0.9811373261398578
rf_matched_flow_stats,0.20841683366733466,0.9811673058551929
rf_matched_flow_stats,0.21042084168336672,0.9812207366366842
rf_matched_flow_stats,0.2124248496993988,0.981275967497003
rf_matched_flow_stats,0.21442885771543085,0.9813330016718671
rf_matched_flow_stats,0.21643286573146292,0.9813997314407973
rf_matched_flow_stats,0.21843687374749496,0.9814584386731756
rf_matched_flow_stats,0.22044088176352702,0.9815043215853528
rf_matched_flow_stats,0.2224448897795591,0.9815573436534152
rf_matched_flow_stats,0.22444889779559116,0.9816189100542595
rf_matched_flow_stats,0.22645290581162322,0.9817031419966039
rf_matched_flow_stats,0.2284569138276553,0.9817980424281159
rf_matched_flow_stats,0.23046092184368736,0.9818929280584934
rf_matched_flow_stats,0.23246492985971942,0.9819816237324093
rf_matched_flow_stats,0.2344689378757515,0.982062335534233
rf_matched_flow_stats,0.23647294589178355,0.9821359258579115
rf_matched_flow_stats,0.23847695390781562,0.9822094421666482
rf_matched_flow_stats,0.24048096192384769,0.9822828850460781
rf_matched_flow_stats,0.24248496993987975,0.9823555979272381
rf_matched_flow_stats,0.2444889779559118,0.9821952604265266
rf_matched_flow_stats,0.24649298597194386,0.9821367795136097
rf_matched_flow_stats,0.24849699398797592,0.9822392330636421
rf_matched_flow_stats,0.250501002004008,0.9823333854981623
rf_matched_flow_stats,0.25250501002004005,0.9824227844961488
rf_matched_flow_stats,0.2545090180360721,0.9825039119785208
rf_matched_flow_stats,0.2565130260521042,0.9825728459407169
rf_matched_flow_stats,0.25851703406813625,0.982653212642699
rf_matched_flow_stats,0.2605210420841683,0.9827339327196077
rf_matched_flow_stats,0.2625250501002004,0.9828144955167054
rf_matched_flow_stats,0.26452905811623245,0.9828740802724593
rf_matched_flow_stats,0.2665330661322645,0.9829213548911258
rf_matched_flow_stats,0.2685370741482966,0.9829673624886813
rf_matched_flow_stats,0.27054108216432865,0.9830474653795334
rf_matched_flow_stats,0.2725450901803607,0.9831274649035933
rf_matched_flow_stats,0.2745490981963928,0.9831325888060316
rf_matched_flow_stats,0.27655310621242485,0.9831301176067032
rf_matched_flow_stats,0.2785571142284569,0.9831274574325481
rf_matched_flow_stats,0.280561122244489,0.983127637961576
rf_matched_flow_stats,0.282565130260521,0.9832093933458124
rf_matched_flow_stats,0.28456913827655306,0.9832987916051712
rf_matched_flow_stats,0.2865731462925851,0.9833752954505817
rf_matched_flow_stats,0.2885771543086172,0.9834518937853713
rf_matched_flow_stats,0.29058116232464926,0.9835432714241049
rf_matched_flow_stats,0.2925851703406813,0.9836345360881927
rf_matched_flow_stats,0.2945891783567134,0.9837187923855447
rf_matched_flow_stats,0.29659318637274545,0.9837980361369449
rf_matched_flow_stats,0.2985971943887775,0.9838770960726256
rf_matched_flow_stats,0.3006012024048096,0.9839364083963272
rf_matched_flow_stats,0.30260521042084165,0.9839944653062751
rf_matched_flow_stats,0.3046092184368737,0.984052519332033
rf_matched_flow_stats,0.3066132264529058,0.9841102890359802
rf_matched_flow_stats,0.30861723446893785,0.9841674373753525
rf_matched_flow_stats,0.3106212424849699,0.984227346839079
rf_matched_flow_stats,0.312625250501002,0.9843113089930597
rf_matched_flow_stats,0.31462925851703405,0.9843952152377022
rf_matched_flow_stats,0.3166332665330661,0.9844790448714903
rf_matched_flow_stats,0.3186372745490982,0.9845616499298954
rf_matched_flow_stats,0.32064128256513025,0.9846324168998667
rf_matched_flow_stats,0.3226452905811623,0.9845870406740601
rf_matched_flow_stats,0.3246492985971944,0.9844760619223398
rf_matched_flow_stats,0.32665330661322645,0.984540690694386
rf_matched_flow_stats,0.3286573146292585,0.9846058970839812
rf_matched_flow_stats,0.3306613226452906,0.9846786732469248
rf_matched_flow_stats,0.33266533066132264,0.9847644347483254
rf_matched_flow_stats,0.33466933867735466,0.9848194962034731
rf_matched_flow_stats,0.3366733466933867,0.9848675621502714
rf_matched_flow_stats,0.3386773547094188,0.9849151904497344
rf_matched_flow_stats,0.34068136272545085,0.9849626690755653
rf_matched_flow_stats,0.3426853707414829,0.9850101354157744
rf_matched_flow_stats,0.344689378757515,0.9850885555969586
rf_matched_flow_stats,0.34669338677354705,0.9851659636039004
rf_matched_flow_stats,0.3486973947895791,0.9852338761527086
rf_matched_flow_stats,0.3507014028056112,0.9853086421263331
rf_matched_flow_stats,0.35270541082164325,0.9853850658418117
rf_matched_flow_stats,0.3547094188376753,0.985443890498546
rf_matched_flow_stats,0.3567134268537074,0.9854651810484459
rf_matched_flow_stats,0.35871743486973945,0.9854415209453319
rf_matched_flow_stats,0.3607214428857715,0.9853556464018148
rf_matched_flow_stats,0.3627254509018036,0.985275360807118
rf_matched_flow_stats,0.36472945891783565,0.9852937386531871
rf_matched_flow_stats,0.3667334669338677,0.9853756876826473
rf_matched_flow_stats,0.3687374749498998,0.985437748016996
rf_matched_flow_stats,0.37074148296593185,0.98549167789688
rf_matched_flow_stats,0.3727454909819639,0.9855348757897284
rf_matched_flow_stats,0.374749498997996,0.985580529620912
rf_matched_flow_stats,0.37675350701402804,0.985625612447195
rf_matched_flow_stats,0.3787575150300601,0.9856573564418715
rf_matched_flow_stats,0.3807615230460922,0.9856798188513928
rf_matched_flow_stats,0.38276553106212424,0.9856889701432193
rf_matched_flow_stats,0.38476953907815625,0.9857087318355063
rf_matched_flow_stats,0.3867735470941883,0.9857592441397733
rf_matched_flow_stats,0.3887775551102204,0.9858103180469311
rf_matched_flow_stats,0.39078156312625245,0.9858822494060596
rf_matched_flow_stats,0.3927855711422845,0.9859560120164851
rf_matched_flow_stats,0.3947895791583166,0.9860179589425728
rf_matched_flow_stats,0.39679358717434865,0.9860168601315376
rf_matched_flow_stats,0.3987975951903807,0.9859312383113679
rf_matched_flow_stats,0.4008016032064128,0.9858330819487044
rf_matched_flow_stats,0.40280561122244485,0.9858203937747122
rf_matched_flow_stats,0.4048096192384769,0.9858718333742941
rf_matched_flow_stats,0.406813627254509,0.985934805337917
rf_matched_flow_stats,0.40881763527054105,0.9859978028584248
rf_matched_flow_stats,0.4108216432865731,0.9860589101796826
rf_matched_flow_stats,0.4128256513026052,0.9861192139351028
rf_matched_flow_stats,0.41482965931863724,0.9861908594505565
rf_matched_flow_stats,0.4168336673346693,0.9862913185767279
rf_matched_flow_stats,0.4188376753507014,0.9863656402395568
rf_matched_flow_stats,0.42084168336673344,0.986424394809571
rf_matched_flow_stats,0.4228456913827655,0.9864811834914556
rf_matched_flow_stats,0.4248496993987976,0.9863059167216609
rf_matched_flow_stats,0.42685370741482964,0.9863539046302858
rf_matched_flow_stats,0.4288577154308617,0.9861944701225289
rf_matched_flow_stats,0.4308617234468938,0.986263766702695
rf_matched_flow_stats,0.43286573146292584,0.986343250971679
rf_matched_flow_stats,0.4348697394789579,0.9864102992762876
rf_matched_flow_stats,0.4368737474949899,0.9864756680633823
rf_matched_flow_stats,0.438877755511022,0.9863189506078455
rf_matched_flow_stats,0.44088176352705405,0.9863631832834285
rf_matched_flow_stats,0.4428857715430861,0.9863531079364642
rf_matched_flow_stats,0.4448897795591182,0.9863729635187101
rf_matched_flow_stats,0.44689378757515025,0.9864285343173277
rf_matched_flow_stats,0.4488977955911823,0.9864839990169266
rf_matched_flow_stats,0.4509018036072144,0.9865593702065595
rf_matched_flow_stats,0.45290581162324645,0.9866482343208843
rf_matched_flow_stats,0.4549098196392785,0.9867372556715115
rf_matched_flow_stats,0.4569138276553106,0.9868288568880148
rf_matched_flow_stats,0.45891783567134264,0.9867065397179415
rf_matched_flow_stats,0.4609218436873747,0.9867839904798078
rf_matched_flow_stats,0.4629258517034068,0.9864497032735162
rf_matched_flow_stats,0.46492985971943884,0.9864458068695878
rf_matched_flow_stats,0.4669338677354709,0.9863872964119446
rf_matched_flow_stats,0.468937875751503,0.9864746084502422
rf_matched_flow_stats,0.47094188376753504,0.9865659647447124
rf_matched_flow_stats,0.4729458917835671,0.9866695027443184
rf_matched_flow_stats,0.4749498997995992,0.9867435700334394
rf_matched_flow_stats,0.47695390781563124,0.9867924101997902
rf_matched_flow_stats,0.4789579158316633,0.9866665658854858
rf_matched_flow_stats,0.48096192384769537,0.9865177477267846
rf_matched_flow_stats,0.48296593186372744,0.986498313786864
rf_matched_flow_stats,0.4849699398797595,0.9864982928792633
rf_matched_flow_stats,0.48697394789579157,0.9865635653475999
rf_matched_flow_stats,0.4889779559118236,0.9865005088450662
rf_matched_flow_stats,0.49098196392785565,0.9865077388291196
rf_matched_flow_stats,0.4929859719438877,0.9864712085464732
rf_matched_flow_stats,0.4949899799599198,0.9864381074947843
rf_matched_flow_stats,0.49699398797595185,0.9864319360816449
rf_matched_flow_stats,0.4989979959919839,0.9865254895454026
rf_matched_flow_stats,0.501002004008016,0.9865904382511361
rf_matched_flow_stats,0.503006012024048,0.9866500417398291
rf_matched_flow_stats,0.5050100200400801,0.9867174277432766
rf_matched_flow_stats,0.5070140280561122,0.986769321276662
rf_matched_flow_stats,0.5090180360721442,0.9867777257532234
rf_matched_flow_stats,0.5110220440881763,0.9867956960932046
rf_matched_flow_stats,0.5130260521042084,0.9868142437328283
rf_matched_flow_stats,0.5150300601202404,0.986774304525864
rf_matched_flow_stats,0.5170340681362725,0.9867352145506972
rf_matched_flow_stats,0.5190380761523046,0.9866765303595205
rf_matched_flow_stats,0.5210420841683366,0.9866411142217749
rf_matched_flow_stats,0.5230460921843687,0.9865947150873595
rf_matched_flow_stats,0.5250501002004008,0.9866003866911833
rf_matched_flow_stats,0.5270541082164328,0.9865436215864074
rf_matched_flow_stats,0.5290581162324649,0.9864704877681328
rf_matched_flow_stats,0.531062124248497,0.9863835087495358
rf_matched_flow_stats,0.533066132264529,0.9863110869808296
rf_matched_flow_stats,0.5350701402805611,0.9862437099843195
rf_matched_flow_stats,0.5370741482965932,0.9861691402478997
rf_matched_flow_stats,0.5390781563126252,0.9861490296959508
rf_matched_flow_stats,0.5410821643286573,0.9861561176546025
rf_matched_flow_stats,0.5430861723446894,0.986175891145226
rf_matched_flow_stats,0.5450901803607214,0.9861906733252235
rf_matched_flow_stats,0.5470941883767535,0.9862074412192915
rf_matched_flow_stats,0.5490981963927856,0.986225058296477
rf_matched_flow_stats,0.5511022044088176,0.9862540519793457
rf_matched_flow_stats,0.5531062124248497,0.9862898881819815
rf_matched_flow_stats,0.5551102204408818,0.9863199449190325
rf_matched_flow_stats,0.5571142284569138,0.9863291875187221
rf_matched_flow_stats,0.5591182364729459,0.9863345699697996
rf_matched_flow_stats,0.561122244488978,0.986340892927563
rf_matched_flow_stats,0.56312625250501,0.9862965324730127
rf_matched_flow_stats,0.565130260521042,0.9860531330639931
rf_matched_flow_stats,0.567134268537074,0.985989606139519
rf_matched_flow_stats,0.5691382765531061,0.9859220409024021
rf_matched_flow_stats,0.5711422845691382,0.9858813253094943
rf_matched_flow_stats,0.5731462925851702,0.9857084742152152
rf_matched_flow_stats,0.5751503006012023,0.9854538234098104
rf_matched_flow_stats,0.5771543086172344,0.9854847789433588
rf_matched_flow_stats,0.5791583166332664,0.9854797342115277
rf_matched_flow_stats,0.5811623246492985,0.9854455799635382
rf_matched_flow_stats,0.5831663326653306,0.9853952734563743
rf_matched_flow_stats,0.5851703406813626,0.9853850085992942
rf_matched_flow_stats,0.5871743486973947,0.9853771227210851
rf_matched_flow_stats,0.5891783567134268,0.9853701167560527
rf_matched_flow_stats,0.5911823647294588,0.985343398107278
rf_matched_flow_stats,0.5931863727454909,0.985319253214674
rf_matched_flow_stats,0.595190380761523,0.9851627398904138
rf_matched_flow_stats,0.597194388777555,0.9848170488073337
rf_matched_flow_stats,0.5991983967935871,0.9845578175520469
rf_matched_flow_stats,0.6012024048096192,0.9843881396314963
rf_matched_flow_stats,0.6032064128256512,0.9842075877798475
rf_matched_flow_stats,0.6052104208416833,0.98402116159627
rf_matched_flow_stats,0.6072144288577154,0.9839825484124717
rf_matched_flow_stats,0.6092184368737474,0.9839498180226555
rf_matched_flow_stats,0.6112224448897795,0.9839509794257494
rf_matched_flow_stats,0.6132264529058116,0.9839745304716022
rf_matched_flow_stats,0.6152304609218436,0.983970972161312
rf_matched_flow_stats,0.6172344689378757,0.9839452401855338
rf_matched_flow_stats,0.6192384769539078,0.9838665029556968
rf_matched_flow_stats,0.6212424849699398,0.9835973976770723
rf_matched_flow_stats,0.6232464929859719,0.9835532698152172
rf_matched_flow_stats,0.625250501002004,0.9834922015997607
rf_matched_flow_stats,0.627254509018036,0.9834058529847015
rf_matched_flow_stats,0.6292585170340681,0.9832869056066214
rf_matched_flow_stats,0.6312625250501002,0.9829692594201601
rf_matched_flow_stats,0.6332665330661322,0.9827470572520333
rf_matched_flow_stats,0.6352705410821643,0.982659866711554
rf_matched_flow_stats,0.6372745490981964,0.9826032229945484
rf_matched_flow_stats,0.6392785571142284,0.9825673533075329
rf_matched_flow_stats,0.6412825651302605,0.9825509238405614
rf_matched_flow_stats,0.6432865731462926,0.9824863110153403
rf_matched_flow_stats,0.6452905811623246,0.9824416032177136
rf_matched_flow_stats,0.6472945891783567,0.9824294182091393
rf_matched_flow_stats,0.6492985971943888,0.9824122897469655
rf_matched_flow_stats,0.6513026052104208,0.9823654752084039
rf_matched_flow_stats,0.6533066132264529,0.9823385090390728
rf_matched_flow_stats,0.655310621242485,0.9822797573247085
rf_matched_flow_stats,0.657314629258517,0.9822243442229232
rf_matched_flow_stats,0.6593186372745491,0.9821464706579046
rf_matched_flow_stats,0.6613226452905812,0.9820700953343658
rf_matched_flow_stats,0.6633266533066132,0.9819772648813344
rf_matched_flow_stats,0.6653306613226453,0.9818572916513635
rf_matched_flow_stats,0.6673346693386772,0.9817837570783955
rf_matched_flow_stats,0.6693386773547093,0.9817058470313184
rf_matched_flow_stats,0.6713426853707414,0.9816412135631751
rf_matched_flow_stats,0.6733466933867734,0.9813309735561465
rf_matched_flow_stats,0.6753507014028055,0.9812587194358217
rf_matched_flow_stats,0.6773547094188376,0.9807926632922307
rf_matched_flow_stats,0.6793587174348696,0.9807374536465232
rf_matched_flow_stats,0.6813627254509017,0.9803504614863959
rf_matched_flow_stats,0.6833667334669338,0.9803010172520662
rf_matched_flow_stats,0.6853707414829658,0.9802304534891093
rf_matched_flow_stats,0.6873747494989979,0.9802171489276257
rf_matched_flow_stats,0.68937875751503,0.9800478942094032
rf_matched_flow_stats,0.691382765531062,0.9798909241453668
rf_matched_flow_stats,0.6933867735470941,0.9797630724143047
rf_matched_flow_stats,0.6953907815631262,0.9795101379998697
rf_matched_flow_stats,0.6973947895791582,0.979236048442529
rf_matched_flow_stats,0.6993987975951903,0.9788283921878359
rf_matched_flow_stats,0.7014028056112224,0.9787415347398734
rf_matched_flow_stats,0.7034068136272544,0.9784766224291276
rf_matched_flow_stats,0.7054108216432865,0.9782648078660935
rf_matched_flow_stats,0.7074148296593186,0.9780882150970772
rf_matched_flow_stats,0.7094188376753506,0.977860891400444
rf_matched_flow_stats,0.7114228456913827,0.9774407120203169
rf_matched_flow_stats,0.7134268537074148,0.9768065607287123
rf_matched_flow_stats,0.7154308617234468,0.976673425852182
rf_matched_flow_stats,0.7174348697394789,0.9766094886849439
rf_matched_flow_stats,0.719438877755511,0.9765957996754617
rf_matched_flow_stats,0.721442885771543,0.9764781929126588
rf_matched_flow_stats,0.7234468937875751,0.9763639909758005
rf_matched_flow_stats,0.7254509018036072,0.9761831294165108
rf_matched_flow_stats,0.7274549098196392,0.9760124137351456
rf_matched_flow_stats,0.7294589178356713,0.9756749415857879
rf_matched_flow_stats,0.7314629258517034,0.9755215568830884
rf_matched_flow_stats,0.7334669338677354,0.9752210871879073
rf_matched_flow_stats,0.7354709418837675,0.9748805098818315
rf_matched_flow_stats,0.7374749498997996,0.974666540094871
rf_matched_flow_stats,0.7394789579158316,0.9745557731659347
rf_matched_flow_stats,0.7414829659318637,0.9744080348570635
rf_matched_flow_stats,0.7434869739478958,0.9741844248593556
rf_matched_flow_stats,0.7454909819639278,0.9739266467290028
rf_matched_flow_stats,0.7474949899799599,0.9730452006000849
rf_matched_flow_stats,0.749498997995992,0.9728068566785061
rf_matched_flow_stats,0.751503006012024,0.9726237254248089
rf_matched_flow_stats,0.7535070140280561,0.9725682038451264
rf_matched_flow_stats,0.7555110220440882,0.9724585459944155
rf_matched_flow_stats,0.7575150300601202,0.9723422179605189
rf_matched_flow_stats,0.7595190380761523,0.9718689659242771
rf_matched_flow_stats,0.7615230460921844,0.9716102283325352
rf_matched_flow_stats,0.7635270541082164,0.9702658727080123
rf_matched_flow_stats,0.7655310621242485,0.9698657475888727
rf_matched_flow_stats,0.7675350701402806,0.9691305720589037
rf_matched_flow_stats,0.7695390781563125,0.9678657692180851
rf_matched_flow_stats,0.7715430861723446,0.9675653061095061
rf_matched_flow_stats,0.7735470941883766,0.9667274842392003
rf_matched_flow_stats,0.7755511022044087,0.9662191421102387
rf_matched_flow_stats,0.7775551102204408,0.9657871633476374
rf_matched_flow_stats,0.7795591182364728,0.9645923145312837
rf_matched_flow_stats,0.7815631262525049,0.9643480237681287
rf_matched_flow_stats,0.783567134268537,0.9622442008473191
rf_matched_flow_stats,0.785571142284569,0.9620158633876504
rf_matched_flow_stats,0.7875751503006011,0.9603759421209149
rf_matched_flow_stats,0.7895791583166332,0.960116138427486
rf_matched_flow_stats,0.7915831663326652,0.957894106689157
rf_matched_flow_stats,0.7935871743486973,0.9574408980157372
rf_matched_flow_stats,0.7955911823647294,0.9570944925626739
rf_matched_flow_stats,0.7975951903807614,0.9562996123887605
rf_matched_flow_stats,0.7995991983967935,0.9554829840788894
rf_matched_flow_stats,0.8016032064128256,0.9548388845241275
rf_matched_flow_stats,0.8036072144288576,0.9541484548709752
rf_matched_flow_stats,0.8056112224448897,0.9536557480885967
rf_matched_flow_stats,0.8076152304609218,0.953248014914465
rf_matched_flow_stats,0.8096192384769538,0.9526892999351751
rf_matched_flow_stats,0.8116232464929859,0.9520519017506384
rf_matched_flow_stats,0.813627254509018,0.951611676128446
rf_matched_flow_stats,0.81563126252505,0.9510982172623411
rf_matched_flow_stats,0.8176352705410821,0.9505957400936269
rf_matched_flow_stats,0.8196392785571142,0.9500653225730096
rf_matched_flow_stats,0.8216432865731462,0.9491545610982884
rf_matched_flow_stats,0.8236472945891783,0.9480597475420136
rf_matched_flow_stats,0.8256513026052104,0.9475087738303939
rf_matched_flow_stats,0.8276553106212424,0.9466225978531032
rf_matched_flow_stats,0.8296593186372745,0.9448418861726839
rf_matched_flow_stats,0.8316633266533066,0.9437262367975425
rf_matched_flow_stats,0.8336673346693386,0.9425549933892219
rf_matched_flow_stats,0.8356713426853707,0.9417127120235206
rf_matched_flow_stats,0.8376753507014028,0.9408022228955456
rf_matched_flow_stats,0.8396793587174348,0.9383654842986163
rf_matched_flow_stats,0.8416833667334669,0.9365786085006947
rf_matched_flow_stats,0.843687374749499,0.9355184392903274
rf_matched_flow_stats,0.845691382765531,0.9344548932970941
rf_matched_flow_stats,0.8476953907815631,0.9332732873810977
rf_matched_flow_stats,0.8496993987975952,0.9318740397405112
rf_matched_flow_stats,0.8517034068136272,0.9297915929983783
rf_matched_flow_stats,0.8537074148296593,0.9268361450492847
rf_matched_flow_stats,0.8557114228456913,0.9249338616511632
rf_matched_flow_stats,0.8577154308617234,0.9210734043759811
rf_matched_flow_stats,0.8597194388777555,0.9114321418664832
rf_matched_flow_stats,0.8617234468937875,0.9043515143841445
rf_matched_flow_stats,0.8637274549098196,0.881832000452671
rf_matched_flow_stats,0.8657314629258517,0.8777067628923837
rf_matched_flow_stats,0.8677354709418837,0.8717798338968212
rf_matched_flow_stats,0.8697394789579158,0.8712335951490215
rf_matched_flow_stats,0.8717434869739479,0.8709040075495615
rf_matched_flow_stats,0.8737474949899798,0.8706332932630801
rf_matched_flow_stats,0.8757515030060119,0.8696826023224765
rf_matched_flow_stats,0.877755511022044,0.8690738607576243
rf_matched_flow_stats,0.879759519038076,0.8678463348602021
rf_matched_flow_stats,0.8817635270541081,0.8674898982792596
rf_matched_flow_stats,0.8837675350701402,0.8660128195323793
rf_matched_flow_stats,0.8857715430861722,0.864284899008185
rf_matched_flow_stats,0.8877755511022043,0.8633479919941635
rf_matched_flow_stats,0.8897795591182364,0.8599931758525162
rf_matched_flow_stats,0.8917835671342684,0.8587290230480641
rf_matched_flow_stats,0.8937875751503005,0.8577670518556906
rf_matched_flow_stats,0.8957915831663326,0.8563652612826438
rf_matched_flow_stats,0.8977955911823646,0.8554365979745109
rf_matched_flow_stats,0.8997995991983967,0.8550943339408936
rf_matched_flow_stats,0.9018036072144288,0.8544400931642915
rf_matched_flow_stats,0.9038076152304608,0.8537418748345736
rf_matched_flow_stats,0.9058116232464929,0.8531056511825099
rf_matched_flow_stats,0.907815631262525,0.8517317073202368
rf_matched_flow_stats,0.909819639278557,0.8495198382912951
rf_matched_flow_stats,0.9118236472945891,0.8487829164362984
rf_matched_flow_stats,0.9138276553106212,0.8480742285152438
rf_matched_flow_stats,0.9158316633266532,0.8474152496270497
rf_matched_flow_stats,0.9178356713426853,0.8467542922728599
rf_matched_flow_stats,0.9198396793587174,0.8457607275069565
rf_matched_flow_stats,0.9218436873747494,0.8443889754778036
rf_matched_flow_stats,0.9238476953907815,0.8433910391295791
rf_matched_flow_stats,0.9258517034068136,0.8423995904735794
rf_matched_flow_stats,0.9278557114228456,0.841562510466163
rf_matched_flow_stats,0.9298597194388777,0.8409809011122639
rf_matched_flow_stats,0.9318637274549098,0.8404903745001574
rf_matched_flow_stats,0.9338677354709418,0.8399647259403469
rf_matched_flow_stats,0.9358717434869739,0.8392811814520035
rf_matched_flow_stats,0.937875751503006,0.8378407076696045
rf_matched_flow_stats,0.939879759519038,0.8368225666279958
rf_matched_flow_stats,0.9418837675350701,0.8346220988214113
rf_matched_flow_stats,0.9438877755511021,0.8331393807467856
rf_matched_flow_stats,0.9458917835671342,0.8319556454625011
rf_matched_flow_stats,0.9478957915831663,0.8298097734112837
rf_matched_flow_stats,0.9498997995991983,0.8275583060401044
rf_matched_flow_stats,0.9519038076152304,0.8262273471720984
rf_matched_flow_stats,0.9539078156312625,0.8240139128915238
rf_matched_flow_stats,0.9559118236472945,0.8213823392717338
rf_matched_flow_stats,0.9579158316633266,0.8153525347873353
rf_matched_flow_stats,0.9599198396793587,0.8119174578119818
rf_matched_flow_stats,0.9619238476953907,0.8053846287996944
rf_matched_flow_stats,0.9639278557114228,0.8030490195897665
rf_matched_flow_stats,0.9659318637274549,0.8001403375506583
rf_matched_flow_stats,0.9679358717434869,0.797619086011963
rf_matched_flow_stats,0.969939879759519,0.7711597179759984
rf_matched_flow_stats,0.9719438877755511,0.7562946704416582
rf_matched_flow_stats,0.9739478957915831,0.7501606694160677
rf_matched_flow_stats,0.9759519038076151,0.7455756879691948
rf_matched_flow_stats,0.9779559118236472,0.7395179466071825
rf_matched_flow_stats,0.9799599198396792,0.7362144619445498
rf_matched_flow_stats,0.9819639278557113,0.7308645472353916
rf_matched_flow_stats,0.9839679358717434,0.7265375023834361
rf_matched_flow_stats,0.9859719438877754,0.7198427957422213
rf_matched_flow_stats,0.9879759519038075,0.715687389942266
rf_matched_flow_stats,0.9899799599198396,0.7013124661066297
rf_matched_flow_stats,0.9919839679358716,0.6882684146439493
rf_matched_flow_stats,0.9939879759519037,0.6473025611407471
rf_matched_flow_stats,0.9959919839679358,0.5889637617937064
rf_matched_flow_stats,0.9979959919839678,0.5339330023627707
rf_matched_flow_stats,1.0,0.07142857142857142
xgboost_matched_flow_stats,0.0,1.0
xgboost_matched_flow_stats,0.002004008016032064,1.0
xgboost_matched_flow_stats,0.004008016032064128,1.0
xgboost_matched_flow_stats,0.0060120240480961915,1.0
xgboost_matched_flow_stats,0.008016032064128256,1.0
xgboost_matched_flow_stats,0.01002004008016032,1.0
xgboost_matched_flow_stats,0.012024048096192383,1.0
xgboost_matched_flow_stats,0.014028056112224447,1.0
xgboost_matched_flow_stats,0.01603206412825651,1.0
xgboost_matched_flow_stats,0.018036072144288574,1.0
xgboost_matched_flow_stats,0.02004008016032064,0.9991166194823509
xgboost_matched_flow_stats,0.022044088176352703,0.9984099463417649
xgboost_matched_flow_stats,0.024048096192384766,0.9980293562956183
xgboost_matched_flow_stats,0.026052104208416832,0.9981785599718191
xgboost_matched_flow_stats,0.028056112224448895,0.9976955129435995
xgboost_matched_flow_stats,0.03006012024048096,0.9974416965751131
xgboost_matched_flow_stats,0.03206412825651302,0.9970689304072128
xgboost_matched_flow_stats,0.03406813627254509,0.9963904979494611
xgboost_matched_flow_stats,0.03607214428857715,0.9965854417405345
xgboost_matched_flow_stats,0.038076152304609215,0.9967604128489509
xgboost_matched_flow_stats,0.04008016032064128,0.9969183165122527
xgboost_matched_flow_stats,0.04208416833667334,0.9963767707826267
xgboost_matched_flow_stats,0.044088176352705406,0.9965369475431431
xgboost_matched_flow_stats,0.04609218436873747,0.9960614367994481
xgboost_matched_flow_stats,0.04809619238476953,0.9962207275932861
xgboost_matched_flow_stats,0.0501002004008016,0.9963676295668497
xgboost_matched_flow_stats,0.052104208416833664,0.9965035424382666
xgboost_matched_flow_stats,0.05410821643286573,0.996629642261143
xgboost_matched_flow_stats,0.05611222444889779,0.9950603214735124
xgboost_matched_flow_stats,0.058116232464929855,0.9952266725986755
xgboost_matched_flow_stats,0.06012024048096192,0.995382059933465
xgboost_matched_flow_stats,0.06212424849699398,0.995334700496275
xgboost_matched_flow_stats,0.06412825651302605,0.9949516705998652
xgboost_matched_flow_stats,0.06613226452905811,0.9946675533704544
xgboost_matched_flow_stats,0.06813627254509018,0.994576353005695
xgboost_matched_flow_stats,0.07014028056112225,0.9947269268235813
xgboost_matched_flow_stats,0.0721442885771543,0.9946397125195424
xgboost_matched_flow_stats,0.07414829659318636,0.994780379085571
xgboost_matched_flow_stats,0.07615230460921843,0.9946968090675792
xgboost_matched_flow_stats,0.0781563126252505,0.9946757013932949
xgboost_matched_flow_stats,0.08016032064128256,0.9944504855435071
xgboost_matched_flow_stats,0.08216432865731463,0.9940381654092426
xgboost_matched_flow_stats,0.08416833667334668,0.9939819691193439
xgboost_matched_flow_stats,0.08617234468937875,0.9941170191472075
xgboost_matched_flow_stats,0.08817635270541081,0.9941116603663447
xgboost_matched_flow_stats,0.09018036072144288,0.9941068741901548
xgboost_matched_flow_stats,0.09218436873747494,0.9942238233928441
xgboost_matched_flow_stats,0.09418837675350701,0.9943427359352288
xgboost_matched_flow_stats,0.09619238476953906,0.9939939922520891
xgboost_matched_flow_stats,0.09819639278557113,0.9941123293987936
xgboost_matched_flow_stats,0.1002004008016032,0.9942261353598214
xgboost_matched_flow_stats,0.10220440881763526,0.9943355913167577
xgboost_matched_flow_stats,0.10420841683366733,0.994440997890649
xgboost_matched_flow_stats,0.1062124248496994,0.9945425255138287
xgboost_matched_flow_stats,0.10821643286573146,0.9944888238603877
xgboost_matched_flow_stats,0.11022044088176351,0.9944373583613103
xgboost_matched_flow_stats,0.11222444889779558,0.9945333910271602
xgboost_matched_flow_stats,0.11422845691382764,0.9943406095819818
xgboost_matched_flow_stats,0.11623246492985971,0.9944347566327174
xgboost_matched_flow_stats,0.11823647294589178,0.9945258415891901
xgboost_matched_flow_stats,0.12024048096192384,0.9946139695437183
xgboost_matched_flow_stats,0.1222444889779559,0.9946019611250877
xgboost_matched_flow_stats,0.12424849699398796,0.9945039685779682
xgboost_matched_flow_stats,0.12625250501002003,0.9945884251035446
xgboost_matched_flow_stats,0.1282565130260521,0.9946702919828042
xgboost_matched_flow_stats,0.13026052104208416,0.994749753337192
xgboost_matched_flow_stats,0.13226452905811623,0.9948268425273293
xgboost_matched_flow_stats,0.1342685370741483,0.9949017332242797
xgboost_matched_flow_stats,0.13627254509018036,0.9942839955294381
xgboost_matched_flow_stats,0.13827655310621242,0.9942783947028088
xgboost_matched_flow_stats,0.1402805611222445,0.9942400619856769
xgboost_matched_flow_stats,0.14228456913827653,0.9943187908846494
xgboost_matched_flow_stats,0.1442885771543086,0.9943129867319931
xgboost_matched_flow_stats,0.14629258517034066,0.9941633236146513
xgboost_matched_flow_stats,0.14829659318637273,0.994239768328368
xgboost_matched_flow_stats,0.1503006012024048,0.9941258471291387
xgboost_matched_flow_stats,0.15230460921843686,0.9942007366489641
xgboost_matched_flow_stats,0.15430861723446893,0.9940904224780537
xgboost_matched_flow_stats,0.156312625250501,0.9941638101190107
xgboost_matched_flow_stats,0.15831663326653306,0.9942353884883433
xgboost_matched_flow_stats,0.16032064128256512,0.9942027859999577
xgboost_matched_flow_stats,0.1623246492985972,0.9941990255081675
xgboost_matched_flow_stats,0.16432865731462926,0.9941955038148806
xgboost_matched_flow_stats,0.16633266533066132,0.9941275933090686
xgboost_matched_flow_stats,0.16833667334669336,0.994034006007049
xgboost_matched_flow_stats,0.17034068136272543,0.9941020374070222
xgboost_matched_flow_stats,0.1723446893787575,0.9940046216763037
xgboost_matched_flow_stats,0.17434869739478956,0.9940713901262265
xgboost_matched_flow_stats,0.17635270541082163,0.9935145804947849
xgboost_matched_flow_stats,0.1783567134268537,0.9934932282738477
xgboost_matched_flow_stats,0.18036072144288576,0.9934383067429062
xgboost_matched_flow_stats,0.18236472945891782,0.9934494999583128
xgboost_matched_flow_stats,0.1843687374749499,0.9935185023941242
xgboost_matched_flow_stats,0.18637274549098196,0.9935226339647981
xgboost_matched_flow_stats,0.18837675350701402,0.9933586014177717
xgboost_matched_flow_stats,0.1903807615230461,0.9934263038402763
xgboost_matched_flow_stats,0.19238476953907813,0.993314522929059
xgboost_matched_flow_stats,0.1943887775551102,0.9932129076617171
xgboost_matched_flow_stats,0.19639278557114226,0.9932257274138776
xgboost_matched_flow_stats,0.19839679358717432,0.9932919929240588
xgboost_matched_flow_stats,0.2004008016032064,0.9932753711993394
xgboost_matched_flow_stats,0.20240480961923846,0.993182445041713
xgboost_matched_flow_stats,0.20440881763527052,0.992794345652988
xgboost_matched_flow_stats,0.2064128256513026,0.9927535666038845
xgboost_matched_flow_stats,0.20841683366733466,0.9927702971451599
xgboost_matched_flow_stats,0.21042084168336672,0.9926245984613981
xgboost_matched_flow_stats,0.2124248496993988,0.9926148259138584
xgboost_matched_flow_stats,0.21442885771543085,0.9925834865338329
xgboost_matched_flow_stats,0.21643286573146292,0.9926014663015174
xgboost_matched_flow_stats,0.21843687374749496,0.9926192273287865
xgboost_matched_flow_stats,0.22044088176352702,0.992609829583422
xgboost_matched_flow_stats,0.2224448897795591,0.9926007071404824
xgboost_matched_flow_stats,0.22444889779559116,0.992446399044639
xgboost_matched_flow_stats,0.22645290581162322,0.9924589750096303
xgboost_matched_flow_stats,0.2284569138276553,0.9923345674479986
xgboost_matched_flow_stats,0.23046092184368736,0.9923535383972186
xgboost_matched_flow_stats,0.23246492985971942,0.9923722453762884
xgboost_matched_flow_stats,0.2344689378757515,0.9921830246723529
xgboost_matched_flow_stats,0.23647294589178355,0.9922470420080337
xgboost_matched_flow_stats,0.23847695390781562,0.992124803591299
xgboost_matched_flow_stats,0.24048096192384769,0.9921881809266022
xgboost_matched_flow_stats,0.24248496993987975,0.9919881391073011
xgboost_matched_flow_stats,0.2444889779559118,0.991985647208591
xgboost_matched_flow_stats,0.24649298597194386,0.9920485145948165
xgboost_matched_flow_stats,0.24849699398797592,0.9921104106687085
xgboost_matched_flow_stats,0.250501002004008,0.9921070035937539
xgboost_matched_flow_stats,0.25250501002004005,0.9919742406937611
xgboost_matched_flow_stats,0.2545090180360721,0.991186347070775
xgboost_matched_flow_stats,0.2565130260521042,0.9910848575983657
xgboost_matched_flow_stats,0.25851703406813625,0.9911112266979655
xgboost_matched_flow_stats,0.2605210420841683,0.9910756182606872
xgboost_matched_flow_stats,0.2625250501002004,0.9910800877681527
xgboost_matched_flow_stats,0.26452905811623245,0.9908020424138525
xgboost_matched_flow_stats,0.2665330661322645,0.9908685668937027
xgboost_matched_flow_stats,0.2685370741482966,0.9908357214562927
xgboost_matched_flow_stats,0.27054108216432865,0.990841733506525
xgboost_matched_flow_stats,0.2725450901803607,0.9907455816547649
xgboost_matched_flow_stats,0.2745490981963928,0.9906767684918208
xgboost_matched_flow_stats,0.27655310621242485,0.990683963165767
xgboost_matched_flow_stats,0.2785571142284569,0.9903873468185631
xgboost_matched_flow_stats,0.280561122244489,0.9904532771878307
xgboost_matched_flow_stats,0.282565130260521,0.9902560107967204
xgboost_matched_flow_stats,0.28456913827655306,0.9902659870604597
xgboost_matched_flow_stats,0.2865731462925851,0.9901844562433267
xgboost_matched_flow_stats,0.2885771543086172,0.9902139435039231
xgboost_matched_flow_stats,0.29058116232464926,0.9902378401465891
xgboost_matched_flow_stats,0.2925851703406813,0.9901230018683859
xgboost_matched_flow_stats,0.2945891783567134,0.9901523712459098
xgboost_matched_flow_stats,0.29659318637274545,0.990216139405689
xgboost_matched_flow_stats,0.2985971943887775,0.9898747100654026
xgboost_matched_flow_stats,0.3006012024048096,0.9897655197125398
xgboost_matched_flow_stats,0.30260521042084165,0.9897912261616632
xgboost_matched_flow_stats,0.3046092184368737,0.9898035444299295
xgboost_matched_flow_stats,0.3066132264529058,0.9897487716938352
xgboost_matched_flow_stats,0.30861723446893785,0.9890162563657696
xgboost_matched_flow_stats,0.3106212424849699,0.9890838950518633
xgboost_matched_flow_stats,0.312625250501002,0.9890498910515299
xgboost_matched_flow_stats,0.31462925851703405,0.9889839475812556
xgboost_matched_flow_stats,0.3166332665330661,0.9889212314628658
xgboost_matched_flow_stats,0.3186372745490982,0.988906363174517
xgboost_matched_flow_stats,0.32064128256513025,0.9889406769244863
xgboost_matched_flow_stats,0.3226452905811623,0.9889575153256344
xgboost_matched_flow_stats,0.3246492985971944,0.988942757664022
xgboost_matched_flow_stats,0.32665330661322645,0.9890074638962859
xgboost_matched_flow_stats,0.3286573146292585,0.9889138965688603
xgboost_matched_flow_stats,0.3306613226452906,0.9888586867781948
xgboost_matched_flow_stats,0.33266533066132264,0.988769878183417
xgboost_matched_flow_stats,0.33466933867735466,0.9887213869328956
xgboost_matched_flow_stats,0.3366733466933867,0.9886185838870638
xgboost_matched_flow_stats,0.3386773547094188,0.9886529407033541
xgboost_matched_flow_stats,0.34068136272545085,0.9886573165088145
xgboost_matched_flow_stats,0.3426853707414829,0.9886564903262496
xgboost_matched_flow_stats,0.344689378757515,0.9885115588274249
xgboost_matched_flow_stats,0.34669338677354705,0.988442764798792
xgboost_matched_flow_stats,0.3486973947895791,0.9884773111225409
xgboost_matched_flow_stats,0.3507014028056112,0.9884258127536626
xgboost_matched_flow_stats,0.35270541082164325,0.9884157455582114
xgboost_matched_flow_stats,0.3547094188376753,0.9884004786011069
xgboost_matched_flow_stats,0.3567134268537074,0.988233583025549
xgboost_matched_flow_stats,0.35871743486973945,0.9881640474773091
xgboost_matched_flow_stats,0.3607214428857715,0.9879983417518238
xgboost_matched_flow_stats,0.3627254509018036,0.9878935292510832
xgboost_matched_flow_stats,0.36472945891783565,0.9879141320963543
xgboost_matched_flow_stats,0.3667334669338677,0.9878111816516617
xgboost_matched_flow_stats,0.3687374749498998,0.9877615718353085
xgboost_matched_flow_stats,0.37074148296593185,0.9878244488189045
xgboost_matched_flow_stats,0.3727454909819639,0.9877808237575892
xgboost_matched_flow_stats,0.374749498997996,0.9877379271232269
xgboost_matched_flow_stats,0.37675350701402804,0.987555652254511
xgboost_matched_flow_stats,0.3787575150300601,0.9874177351915876
xgboost_matched_flow_stats,0.3807615230460922,0.9873117096672249
xgboost_matched_flow_stats,0.38276553106212424,0.9872222834947108
xgboost_matched_flow_stats,0.38476953907815625,0.9872349537384292
xgboost_matched_flow_stats,0.3867735470941883,0.9871975181543525
xgboost_matched_flow_stats,0.3887775551102204,0.9869984369082173
xgboost_matched_flow_stats,0.39078156312625245,0.9866547281781669
xgboost_matched_flow_stats,0.3927855711422845,0.9861491623539667
xgboost_matched_flow_stats,0.3947895791583166,0.9857100243542746
xgboost_matched_flow_stats,0.39679358717434865,0.9855176830055151
xgboost_matched_flow_stats,0.3987975951903807,0.9853992240791382
xgboost_matched_flow_stats,0.4008016032064128,0.9852413505802665
xgboost_matched_flow_stats,0.40280561122244485,0.9851262342757868
xgboost_matched_flow_stats,0.4048096192384769,0.9849878595189757
xgboost_matched_flow_stats,0.406813627254509,0.9848683897450273
xgboost_matched_flow_stats,0.40881763527054105,0.9846520741711189
xgboost_matched_flow_stats,0.4108216432865731,0.984677707170188
xgboost_matched_flow_stats,0.4128256513026052,0.9845761663395071
xgboost_matched_flow_stats,0.41482965931863724,0.9844341768268599
xgboost_matched_flow_stats,0.4168336673346693,0.9840845690104737
xgboost_matched_flow_stats,0.4188376753507014,0.9839820098561971
xgboost_matched_flow_stats,0.42084168336673344,0.9838440512960951
xgboost_matched_flow_stats,0.4228456913827655,0.9836988501016188
xgboost_matched_flow_stats,0.4248496993987976,0.9836004102630361
xgboost_matched_flow_stats,0.42685370741482964,0.9833978584298453
xgboost_matched_flow_stats,0.4288577154308617,0.9829238367554929
xgboost_matched_flow_stats,0.4308617234468938,0.982929452258724
xgboost_matched_flow_stats,0.43286573146292584,0.9826845678348218
xgboost_matched_flow_stats,0.4348697394789579,0.9825766374350804
xgboost_matched_flow_stats,0.4368737474949899,0.9824882127144355
xgboost_matched_flow_stats,0.438877755511022,0.9823938457206286
xgboost_matched_flow_stats,0.44088176352705405,0.9824135031658895
xgboost_matched_flow_stats,0.4428857715430861,0.9823736807291057
xgboost_matched_flow_stats,0.4448897795591182,0.9823886855040651
xgboost_matched_flow_stats,0.44689378757515025,0.982249483520459
xgboost_matched_flow_stats,0.4488977955911823,0.9821681695098705
xgboost_matched_flow_stats,0.4509018036072144,0.9818746119443474
xgboost_matched_flow_stats,0.45290581162324645,0.9818144370589434
xgboost_matched_flow_stats,0.4549098196392785,0.9817265603305348
xgboost_matched_flow_stats,0.4569138276553106,0.9814829023953593
xgboost_matched_flow_stats,0.45891783567134264,0.9812569893575869
xgboost_matched_flow_stats,0.4609218436873747,0.98120339020006
xgboost_matched_flow_stats,0.4629258517034068,0.981168819304996
xgboost_matched_flow_stats,0.46492985971943884,0.981083658792146
xgboost_matched_flow_stats,0.4669338677354709,0.9808188842095682
xgboost_matched_flow_stats,0.468937875751503,0.9806335072694317
xgboost_matched_flow_stats,0.47094188376753504,0.9806209825976101
xgboost_matched_flow_stats,0.4729458917835671,0.9805238594540494
xgboost_matched_flow_stats,0.4749498997995992,0.9797866283587148
xgboost_matched_flow_stats,0.47695390781563124,0.9796943808505999
xgboost_matched_flow_stats,0.4789579158316633,0.9795736346383036
xgboost_matched_flow_stats,0.48096192384769537,0.9793961766103412
xgboost_matched_flow_stats,0.48296593186372744,0.9791924094766674
xgboost_matched_flow_stats,0.4849699398797595,0.9788148719242284
xgboost_matched_flow_stats,0.48697394789579157,0.9785172627744959
xgboost_matched_flow_stats,0.4889779559118236,0.9782958774773529
xgboost_matched_flow_stats,0.49098196392785565,0.9780150009262324
xgboost_matched_flow_stats,0.4929859719438877,0.9775919079766607
xgboost_matched_flow_stats,0.4949899799599198,0.9773554239635277
xgboost_matched_flow_stats,0.49699398797595185,0.9773252503175789
xgboost_matched_flow_stats,0.4989979959919839,0.9771274665822279
xgboost_matched_flow_stats,0.501002004008016,0.976666893376267
xgboost_matched_flow_stats,0.503006012024048,0.9760722469562702
xgboost_matched_flow_stats,0.5050100200400801,0.9759010878204565
xgboost_matched_flow_stats,0.5070140280561122,0.9758518590515407
xgboost_matched_flow_stats,0.5090180360721442,0.9756365423390881
xgboost_matched_flow_stats,0.5110220440881763,0.9752569467673152
xgboost_matched_flow_stats,0.5130260521042084,0.9751442068572419
xgboost_matched_flow_stats,0.5150300601202404,0.9749681886188478
xgboost_matched_flow_stats,0.5170340681362725,0.9748666348093339
xgboost_matched_flow_stats,0.5190380761523046,0.9746272795502514
xgboost_matched_flow_stats,0.5210420841683366,0.9739775797413032
xgboost_matched_flow_stats,0.5230460921843687,0.9735761232991146
xgboost_matched_flow_stats,0.5250501002004008,0.9733890863384264
xgboost_matched_flow_stats,0.5270541082164328,0.9732579628508997
xgboost_matched_flow_stats,0.5290581162324649,0.9730113942144543
xgboost_matched_flow_stats,0.531062124248497,0.9726356662284422
xgboost_matched_flow_stats,0.533066132264529,0.9724825602665318
xgboost_matched_flow_stats,0.5350701402805611,0.9717165377643716
xgboost_matched_flow_stats,0.5370741482965932,0.9716736943258152
xgboost_matched_flow_stats,0.5390781563126252,0.9714497079888152
xgboost_matched_flow_stats,0.5410821643286573,0.9710921479804593
xgboost_matched_flow_stats,0.5430861723446894,0.9708975685431199
xgboost_matched_flow_stats,0.5450901803607214,0.9706243809612324
xgboost_matched_flow_stats,0.5470941883767535,0.9705732997826048
xgboost_matched_flow_stats,0.5490981963927856,0.9701522112022606
xgboost_matched_flow_stats,0.5511022044088176,0.9697565219355548
xgboost_matched_flow_stats,0.5531062124248497,0.9695161914986699
xgboost_matched_flow_stats,0.5551102204408818,0.9694401706239356
xgboost_matched_flow_stats,0.5571142284569138,0.9692830085488942
xgboost_matched_flow_stats,0.5591182364729459,0.9690899301315786
xgboost_matched_flow_stats,0.561122244488978,0.9687087695915383
xgboost_matched_flow_stats,0.56312625250501,0.9685104844065503
xgboost_matched_flow_stats,0.565130260521042,0.9683377189110693
xgboost_matched_flow_stats,0.567134268537074,0.9681894139827705
xgboost_matched_flow_stats,0.5691382765531061,0.9678602392155019
xgboost_matched_flow_stats,0.5711422845691382,0.9673411485380086
xgboost_matched_flow_stats,0.5731462925851702,0.9669246715991031
xgboost_matched_flow_stats,0.5751503006012023,0.9664774758809223
xgboost_matched_flow_stats,0.5771543086172344,0.966175018442117
xgboost_matched_flow_stats,0.5791583166332664,0.9657870833140241
xgboost_matched_flow_stats,0.5811623246492985,0.9656641687082818
xgboost_matched_flow_stats,0.5831663326653306,0.965441444501946
xgboost_matched_flow_stats,0.5851703406813626,0.9651235504078318
xgboost_matched_flow_stats,0.5871743486973947,0.9647754914843473
xgboost_matched_flow_stats,0.5891783567134268,0.9644359173241259
xgboost_matched_flow_stats,0.5911823647294588,0.9644306357012908
xgboost_matched_flow_stats,0.5931863727454909,0.9640051735387969
xgboost_matched_flow_stats,0.595190380761523,0.9633654469039711
xgboost_matched_flow_stats,0.597194388777555,0.963053800908919
xgboost_matched_flow_stats,0.5991983967935871,0.9626828445317274
xgboost_matched_flow_stats,0.6012024048096192,0.9623250284546173
xgboost_matched_flow_stats,0.6032064128256512,0.9621196734141337
xgboost_matched_flow_stats,0.6052104208416833,0.9619445769460893
xgboost_matched_flow_stats,0.6072144288577154,0.9614561638767001
xgboost_matched_flow_stats,0.6092184368737474,0.9611388411913385
xgboost_matched_flow_stats,0.6112224448897795,0.9605089737278177
xgboost_matched_flow_stats,0.6132264529058116,0.9601750981558
xgboost_matched_flow_stats,0.6152304609218436,0.9600089839911029
xgboost_matched_flow_stats,0.6172344689378757,0.959866218110064
xgboost_matched_flow_stats,0.6192384769539078,0.9593617763372465
xgboost_matched_flow_stats,0.6212424849699398,0.9587212147827807
xgboost_matched_flow_stats,0.6232464929859719,0.958536918918952
xgboost_matched_flow_stats,0.625250501002004,0.9580529767426224
xgboost_matched_flow_stats,0.627254509018036,0.9578033430502122
xgboost_matched_flow_stats,0.6292585170340681,0.957558235683916
xgboost_matched_flow_stats,0.6312625250501002,0.9570425020074341
xgboost_matched_flow_stats,0.6332665330661322,0.9568647873434601
xgboost_matched_flow_stats,0.6352705410821643,0.9566087018117823
xgboost_matched_flow_stats,0.6372745490981964,0.9564304135941953
xgboost_matched_flow_stats,0.6392785571142284,0.9560538027650362
xgboost_matched_flow_stats,0.6412825651302605,0.9557897632108938
xgboost_matched_flow_stats,0.6432865731462926,0.9555553153935662
xgboost_matched_flow_stats,0.6452905811623246,0.9551945891910577
xgboost_matched_flow_stats,0.6472945891783567,0.954851591163381
xgboost_matched_flow_stats,0.6492985971943888,0.9543628408428259
xgboost_matched_flow_stats,0.6513026052104208,0.9540765298474211
xgboost_matched_flow_stats,0.6533066132264529,0.9537071205152852
xgboost_matched_flow_stats,0.655310621242485,0.9531059706831899
xgboost_matched_flow_stats,0.657314629258517,0.952643479613176
xgboost_matched_flow_stats,0.6593186372745491,0.9525248129095906
xgboost_matched_flow_stats,0.6613226452905812,0.952185143056569
xgboost_matched_flow_stats,0.6633266533066132,0.9520009858277619
xgboost_matched_flow_stats,0.6653306613226453,0.9515146424008345
xgboost_matched_flow_stats,0.6673346693386772,0.9509978777136935
xgboost_matched_flow_stats,0.6693386773547093,0.9504871699732073
xgboost_matched_flow_stats,0.6713426853707414,0.9500428872358594
xgboost_matched_flow_stats,0.6733466933867734,0.9497619138856921
xgboost_matched_flow_stats,0.6753507014028055,0.949405995759934
xgboost_matched_flow_stats,0.6773547094188376,0.9490595147316446
xgboost_matched_flow_stats,0.6793587174348696,0.9485791945693148
xgboost_matched_flow_stats,0.6813627254509017,0.9479517493735358
xgboost_matched_flow_stats,0.6833667334669338,0.9475958580389977
xgboost_matched_flow_stats,0.6853707414829658,0.9473241035962262
xgboost_matched_flow_stats,0.6873747494989979,0.94678264575038
xgboost_matched_flow_stats,0.68937875751503,0.9462313503793107
xgboost_matched_flow_stats,0.691382765531062,0.9457485143125116
xgboost_matched_flow_stats,0.6933867735470941,0.9452903042319579
xgboost_matched_flow_stats,0.6953907815631262,0.944766873795715
xgboost_matched_flow_stats,0.6973947895791582,0.9444951146912025
xgboost_matched_flow_stats,0.6993987975951903,0.9437520489748304
xgboost_matched_flow_stats,0.7014028056112224,0.9433726868817727
xgboost_matched_flow_stats,0.7034068136272544,0.9428086650944839
xgboost_matched_flow_stats,0.7054108216432865,0.9423398988408623
xgboost_matched_flow_stats,0.7074148296593186,0.9418196379068301
xgboost_matched_flow_stats,0.7094188376753506,0.941437066596185
xgboost_matched_flow_stats,0.7114228456913827,0.9400078662324843
xgboost_matched_flow_stats,0.7134268537074148,0.9398085248643916
xgboost_matched_flow_stats,0.7154308617234468,0.9397238104276349
xgboost_matched_flow_stats,0.7174348697394789,0.9395026206754559
xgboost_matched_flow_stats,0.719438877755511,0.9391113687362006
xgboost_matched_flow_stats,0.721442885771543,0.9385826680667876
xgboost_matched_flow_stats,0.7234468937875751,0.9384060705266307
xgboost_matched_flow_stats,0.7254509018036072,0.9380524486040753
xgboost_matched_flow_stats,0.7274549098196392,0.9373556257311264
xgboost_matched_flow_stats,0.7294589178356713,0.9368182707538467
xgboost_matched_flow_stats,0.7314629258517034,0.936396868135031
xgboost_matched_flow_stats,0.7334669338677354,0.9358369856012928
xgboost_matched_flow_stats,0.7354709418837675,0.9353400863360283
xgboost_matched_flow_stats,0.7374749498997996,0.9348898565342207
xgboost_matched_flow_stats,0.7394789579158316,0.9346089494747224
xgboost_matched_flow_stats,0.7414829659318637,0.9339160645666392
xgboost_matched_flow_stats,0.7434869739478958,0.9329137855267594
xgboost_matched_flow_stats,0.7454909819639278,0.9317568440650968
xgboost_matched_flow_stats,0.7474949899799599,0.9313146718152815
xgboost_matched_flow_stats,0.749498997995992,0.9307201058545944
xgboost_matched_flow_stats,0.751503006012024,0.9302172310027129
xgboost_matched_flow_stats,0.7535070140280561,0.929961538883636
xgboost_matched_flow_stats,0.7555110220440882,0.9294517714188257
xgboost_matched_flow_stats,0.7575150300601202,0.9288834542743477
xgboost_matched_flow_stats,0.7595190380761523,0.9284607779115245
xgboost_matched_flow_stats,0.7615230460921844,0.9282213088387767
xgboost_matched_flow_stats,0.7635270541082164,0.9271610980458037
xgboost_matched_flow_stats,0.7655310621242485,0.9261220530200099
xgboost_matched_flow_stats,0.7675350701402806,0.9255555504291457
xgboost_matched_flow_stats,0.7695390781563125,0.9248418393463045
xgboost_matched_flow_stats,0.7715430861723446,0.9245526806391121
xgboost_matched_flow_stats,0.7735470941883766,0.9235376530313396
xgboost_matched_flow_stats,0.7755511022044087,0.9229277477837139
xgboost_matched_flow_stats,0.7775551102204408,0.9225229063695596
xgboost_matched_flow_stats,0.7795591182364728,0.9224531427174715
xgboost_matched_flow_stats,0.7815631262525049,0.9218680480489223
xgboost_matched_flow_stats,0.783567134268537,0.9210135733007528
xgboost_matched_flow_stats,0.785571142284569,0.9199103701390546
xgboost_matched_flow_stats,0.7875751503006011,0.9191938240478151
xgboost_matched_flow_stats,0.7895791583166332,0.9183708261136536
xgboost_matched_flow_stats,0.7915831663326652,0.9183035551312326
xgboost_matched_flow_stats,0.7935871743486973,0.9179937651111404
xgboost_matched_flow_stats,0.7955911823647294,0.917265501080856
xgboost_matched_flow_stats,0.7975951903807614,0.916144681045656
xgboost_matched_flow_stats,0.7995991983967935,0.9156118500227378
xgboost_matched_flow_stats,0.8016032064128256,0.9150530189370311
xgboost_matched_flow_stats,0.8036072144288576,0.9150601776666154
xgboost_matched_flow_stats,0.8056112224448897,0.9135552636899871
xgboost_matched_flow_stats,0.8076152304609218,0.9126234433912493
xgboost_matched_flow_stats,0.8096192384769538,0.9118969491161864
xgboost_matched_flow_stats,0.8116232464929859,0.9114482158004121
xgboost_matched_flow_stats,0.813627254509018,0.9105836621953733
xgboost_matched_flow_stats,0.81563126252505,0.9082605515277866
xgboost_matched_flow_stats,0.8176352705410821,0.9072285634251612
xgboost_matched_flow_stats,0.8196392785571142,0.9061749282398013
xgboost_matched_flow_stats,0.8216432865731462,0.9052774304089869
xgboost_matched_flow_stats,0.8236472945891783,0.903960169818362
xgboost_matched_flow_stats,0.8256513026052104,0.9015121185003917
xgboost_matched_flow_stats,0.8276553106212424,0.9000382261421095
xgboost_matched_flow_stats,0.8296593186372745,0.8991169758636277
xgboost_matched_flow_stats,0.8316633266533066,0.8980886510391037
xgboost_matched_flow_stats,0.8336673346693386,0.8951843144383019
xgboost_matched_flow_stats,0.8356713426853707,0.8944279131537556
xgboost_matched_flow_stats,0.8376753507014028,0.8928131738895851
xgboost_matched_flow_stats,0.8396793587174348,0.8925318820526701
xgboost_matched_flow_stats,0.8416833667334669,0.8911617887980726
xgboost_matched_flow_stats,0.843687374749499,0.8895418060031972
xgboost_matched_flow_stats,0.845691382765531,0.8884927694970369
xgboost_matched_flow_stats,0.8476953907815631,0.8882805299549711
xgboost_matched_flow_stats,0.8496993987975952,0.8845931089474167
xgboost_matched_flow_stats,0.8517034068136272,0.8832672592756993
xgboost_matched_flow_stats,0.8537074148296593,0.8793625245759309
xgboost_matched_flow_stats,0.8557114228456913,0.8772289215770102
xgboost_matched_flow_stats,0.8577154308617234,0.8740545167687443
xgboost_matched_flow_stats,0.8597194388777555,0.8725899985902624
xgboost_matched_flow_stats,0.8617234468937875,0.854519037547755
xgboost_matched_flow_stats,0.8637274549098196,0.8511139191693413
xgboost_matched_flow_stats,0.8657314629258517,0.8481874057501091
xgboost_matched_flow_stats,0.8677354709418837,0.8433850501318201
xgboost_matched_flow_stats,0.8697394789579158,0.8427660206075303
xgboost_matched_flow_stats,0.8717434869739479,0.8419981966438551
xgboost_matched_flow_stats,0.8737474949899798,0.8411660015474436
xgboost_matched_flow_stats,0.8757515030060119,0.8401659174781864
xgboost_matched_flow_stats,0.877755511022044,0.8382811896523282
xgboost_matched_flow_stats,0.879759519038076,0.8371895614872288
xgboost_matched_flow_stats,0.8817635270541081,0.8366074125676504
xgboost_matched_flow_stats,0.8837675350701402,0.8358669067588169
xgboost_matched_flow_stats,0.8857715430861722,0.8350556991764552
xgboost_matched_flow_stats,0.8877755511022043,0.833796182912663
xgboost_matched_flow_stats,0.8897795591182364,0.8332591014374253
xgboost_matched_flow_stats,0.8917835671342684,0.8324684954206472
xgboost_matched_flow_stats,0.8937875751503005,0.8319278768390335
xgboost_matched_flow_stats,0.8957915831663326,0.8303380137542238
xgboost_matched_flow_stats,0.8977955911823646,0.8286842607548508
xgboost_matched_flow_stats,0.8997995991983967,0.8279444489896833
xgboost_matched_flow_stats,0.9018036072144288,0.8271255780674275
xgboost_matched_flow_stats,0.9038076152304608,0.8261948952084225
xgboost_matched_flow_stats,0.9058116232464929,0.8257824108677554
xgboost_matched_flow_stats,0.907815631262525,0.8244706719238223
xgboost_matched_flow_stats,0.909819639278557,0.8240905967113071
xgboost_matched_flow_stats,0.9118236472945891,0.8223970802654803
xgboost_matched_flow_stats,0.9138276553106212,0.8215552560000566
xgboost_matched_flow_stats,0.9158316633266532,0.8196139478852374
xgboost_matched_flow_stats,0.9178356713426853,0.8184040821336322
xgboost_matched_flow_stats,0.9198396793587174,0.8178458035770761
xgboost_matched_flow_stats,0.9218436873747494,0.8164344403297304
xgboost_matched_flow_stats,0.9238476953907815,0.8157389923948266
xgboost_matched_flow_stats,0.9258517034068136,0.8136472179022157
xgboost_matched_flow_stats,0.9278557114228456,0.8120256116758159
xgboost_matched_flow_stats,0.9298597194388777,0.8097715386192054
xgboost_matched_flow_stats,0.9318637274549098,0.8084647601183521
xgboost_matched_flow_stats,0.9338677354709418,0.8071843295162943
xgboost_matched_flow_stats,0.9358717434869739,0.8062149674139992
xgboost_matched_flow_stats,0.937875751503006,0.8045818759090875
xgboost_matched_flow_stats,0.939879759519038,0.8022539641355219
xgboost_matched_flow_stats,0.9418837675350701,0.799582887743714
xgboost_matched_flow_stats,0.9438877755511021,0.7950524864808906
xgboost_matched_flow_stats,0.9458917835671342,0.7935978289209825
xgboost_matched_flow_stats,0.9478957915831663,0.7906253999993414
xgboost_matched_flow_stats,0.9498997995991983,0.785373669054631
xgboost_matched_flow_stats,0.9519038076152304,0.7816292633316991
xgboost_matched_flow_stats,0.9539078156312625,0.7797994891843423
xgboost_matched_flow_stats,0.9559118236472945,0.7776086673811164
xgboost_matched_flow_stats,0.9579158316633266,0.7731643315903213
xgboost_matched_flow_stats,0.9599198396793587,0.7649490749428018
xgboost_matched_flow_stats,0.9619238476953907,0.7580400450109377
xgboost_matched_flow_stats,0.9639278557114228,0.7533043400391122
xgboost_matched_flow_stats,0.9659318637274549,0.7477941930390334
xgboost_matched_flow_stats,0.9679358717434869,0.743895879242486
xgboost_matched_flow_stats,0.969939879759519,0.7398408452864008
xgboost_matched_flow_stats,0.9719438877755511,0.7315052221042221
xgboost_matched_flow_stats,0.9739478957915831,0.7243703135488351
xgboost_matched_flow_stats,0.9759519038076151,0.714257045256096
xgboost_matched_flow_stats,0.9779559118236472,0.7052232550215478
xgboost_matched_flow_stats,0.9799599198396792,0.6926238934438649
xgboost_matched_flow_stats,0.9819639278557113,0.6804647164915913
xgboost_matched_flow_stats,0.9839679358717434,0.6676696742320468
xgboost_matched_flow_stats,0.9859719438877754,0.649402736817815
xgboost_matched_flow_stats,0.9879759519038075,0.6298644345085866
xgboost_matched_flow_stats,0.9899799599198396,0.5852175751867609
xgboost_matched_flow_stats,0.9919839679358716,0.5652980197239198
xgboost_matched_flow_stats,0.9939879759519037,0.5155886513440234
xgboost_matched_flow_stats,0.9959919839679358,0.48126722853734316
xgboost_matched_flow_stats,0.9979959919839678,0.38528612103311766
xgboost_matched_flow_stats,1.0,0.07142857142857142
rf_flattened_splt,0.0,1.0
rf_flattened_splt,0.002004008016032064,0.9999363992490503
rf_flattened_splt,0.004008016032064128,0.988577023991694
rf_flattened_splt,0.0060120240480961915,0.9895650763473844
rf_flattened_splt,0.008016032064128256,0.9877298183346304
rf_flattened_splt,0.01002004008016032,0.9836360402528956
rf_flattened_splt,0.012024048096192383,0.9857095783817699
rf_flattened_splt,0.014028056112224447,0.9722405256921521
rf_flattened_splt,0.01603206412825651,0.9579357507846276
rf_flattened_splt,0.018036072144288574,0.9444100852808445
rf_flattened_splt,0.02004008016032064,0.9449153170980832
rf_flattened_splt,0.022044088176352703,0.9466553310442177
rf_flattened_splt,0.024048096192384766,0.9482932423958514
rf_flattened_splt,0.026052104208416832,0.949894594350744
rf_flattened_splt,0.028056112224448895,0.9514304236527048
rf_flattened_splt,0.03006012024048096,0.9528885217346499
rf_flattened_splt,0.03206412825651302,0.9543329227863858
rf_flattened_splt,0.03406813627254509,0.9556932896101767
rf_flattened_splt,0.03607214428857715,0.9568240875871709
rf_flattened_splt,0.038076152304609215,0.9575756145648793
rf_flattened_splt,0.04008016032064128,0.9583271415425879
rf_flattened_splt,0.04208416833667334,0.9591287866810927
rf_flattened_splt,0.044088176352705406,0.959988329273065
rf_flattened_splt,0.04609218436873747,0.9608478718650375
rf_flattened_splt,0.04809619238476953,0.9617074144570097
rf_flattened_splt,0.0501002004008016,0.9625669570489822
rf_flattened_splt,0.052104208416833664,0.9633846879981984
rf_flattened_splt,0.05410821643286573,0.9642004984651359
rf_flattened_splt,0.05611222444889779,0.9650163089320732
rf_flattened_splt,0.058116232464929855,0.9655559158807249
rf_flattened_splt,0.06012024048096192,0.9660123219306717
rf_flattened_splt,0.06212424849699398,0.9652463157884839
rf_flattened_splt,0.06412825651302605,0.9656299738376591
rf_flattened_splt,0.06613226452905811,0.9659785044613779
rf_flattened_splt,0.06813627254509018,0.9663270350850964
rf_flattened_splt,0.07014028056112225,0.9666755657088154
rf_flattened_splt,0.0721442885771543,0.9661392096761043
rf_flattened_splt,0.07414829659318636,0.9646780480529464
rf_flattened_splt,0.07615230460921843,0.9646093391054623
rf_flattened_splt,0.0781563126252505,0.9650973619162435
rf_flattened_splt,0.08016032064128256,0.965579208248338
rf_flattened_splt,0.08216432865731463,0.9660596938691738
rf_flattened_splt,0.08416833667334668,0.9665352628243802
rf_flattened_splt,0.08617234468937875,0.9670088681453584
rf_flattened_splt,0.08817635270541081,0.967466723080164
rf_flattened_splt,0.09018036072144288,0.9667220369399737
rf_flattened_splt,0.09218436873747494,0.96719803108528
rf_flattened_splt,0.09418837675350701,0.9676690028149171
rf_flattened_splt,0.09619238476953906,0.9678073706580363
rf_flattened_splt,0.09819639278557113,0.9675773852423324
rf_flattened_splt,0.1002004008016032,0.9678760697561016
rf_flattened_splt,0.10220440881763526,0.9673936566129689
rf_flattened_splt,0.10420841683366733,0.9672439609986331
rf_flattened_splt,0.1062124248496994,0.9673265025653587
rf_flattened_splt,0.10821643286573146,0.9674068802900423
rf_flattened_splt,0.11022044088176351,0.966579983279796
rf_flattened_splt,0.11222444889779558,0.9666669246407292
rf_flattened_splt,0.11422845691382764,0.9667635080802846
rf_flattened_splt,0.11623246492985971,0.9669193678225643
rf_flattened_splt,0.11823647294589178,0.9671621955216415
rf_flattened_splt,0.12024048096192384,0.9674250365299998
rf_flattened_splt,0.1222444889779559,0.9676855172570973
rf_flattened_splt,0.12424849699398796,0.967956555889974
rf_flattened_splt,0.12625250501002003,0.9673646860808206
rf_flattened_splt,0.1282565130260521,0.9666879049887234
rf_flattened_splt,0.13026052104208416,0.966990091664435
rf_flattened_splt,0.13226452905811623,0.9672229461160972
rf_flattened_splt,0.1342685370741483,0.967284573024945
rf_flattened_splt,0.13627254509018036,0.9673258040996109
rf_flattened_splt,0.13827655310621242,0.9673641368937435
rf_flattened_splt,0.1402805611222445,0.9674016538333168
rf_flattened_splt,0.14228456913827653,0.9674358991945035
rf_flattened_splt,0.1442885771543086,0.9674732262180458
rf_flattened_splt,0.14629258517034066,0.9675535979330182
rf_flattened_splt,0.14829659318637273,0.9678168790740787
rf_flattened_splt,0.1503006012024048,0.9680770593742768
rf_flattened_splt,0.15230460921843686,0.9683370036805444
rf_flattened_splt,0.15430861723446893,0.9685951355534244
rf_flattened_splt,0.156312625250501,0.9688524564528249
rf_flattened_splt,0.15831663326653306,0.9691028653094701
rf_flattened_splt,0.16032064128256512,0.9693516380000741
rf_flattened_splt,0.1623246492985972,0.969597170451728
rf_flattened_splt,0.16432865731462926,0.9697652529652697
rf_flattened_splt,0.16633266533066132,0.969766071830389
rf_flattened_splt,0.16833667334669336,0.9697648448266075
rf_flattened_splt,0.17034068136272543,0.9697628503263426
rf_flattened_splt,0.1723446893787575,0.9697600135996735
rf_flattened_splt,0.17434869739478956,0.969757176873004
rf_flattened_splt,0.17635270541082163,0.9699963755756775
rf_flattened_splt,0.1783567134268537,0.9701993335308433
rf_flattened_splt,0.18036072144288576,0.9703937542755096
rf_flattened_splt,0.18236472945891782,0.970610721011586
rf_flattened_splt,0.1843687374749499,0.9708462468337596
rf_flattened_splt,0.18637274549098196,0.9710591295699132
rf_flattened_splt,0.18837675350701402,0.9712645823518461
rf_flattened_splt,0.1903807615230461,0.9714674597233712
rf_flattened_splt,0.19238476953907813,0.9716761487172072
rf_flattened_splt,0.1943887775551102,0.9719033508864949
rf_flattened_splt,0.19639278557114226,0.9720425367562263
rf_flattened_splt,0.19839679358717432,0.9721326122898556
rf_flattened_splt,0.2004008016032064,0.9722225901520065
rf_flattened_splt,0.20240480961923846,0.9723124620898681
rf_flattened_splt,0.20440881763527052,0.9724329883407552
rf_flattened_splt,0.2064128256513026,0.9726327464522714
rf_flattened_splt,0.20841683366733466,0.9728017775265044
rf_flattened_splt,0.21042084168336672,0.9730221428318699
rf_flattened_splt,0.2124248496993988,0.9732423201828372
rf_flattened_splt,0.21442885771543085,0.9734613310472737
rf_flattened_splt,0.21643286573146292,0.9736118847078429
rf_flattened_splt,0.21843687374749496,0.973094878426239
rf_flattened_splt,0.22044088176352702,0.9730128155313416
rf_flattened_splt,0.2224448897795591,0.9730837273038999
rf_flattened_splt,0.22444889779559116,0.9729404561712178
rf_flattened_splt,0.22645290581162322,0.9729257642848003
rf_flattened_splt,0.2284569138276553,0.9727240819292341
rf_flattened_splt,0.23046092184368736,0.9725781880562796
rf_flattened_splt,0.23246492985971942,0.972653465435515
rf_flattened_splt,0.2344689378757515,0.9727815485838017
rf_flattened_splt,0.23647294589178355,0.9728986646344232
rf_flattened_splt,0.23847695390781562,0.9730841855608262
rf_flattened_splt,0.24048096192384769,0.9733100455709657
rf_flattened_splt,0.24248496993987975,0.9735347185509854
rf_flattened_splt,0.2444889779559118,0.9737585038111584
rf_flattened_splt,0.24649298597194386,0.973902750334087
rf_flattened_splt,0.24849699398797592,0.9740413004125761
rf_flattened_splt,0.250501002004008,0.9741457190650683
rf_flattened_splt,0.25250501002004005,0.9742628136663013
rf_flattened_splt,0.2545090180360721,0.9740664995987652
rf_flattened_splt,0.2565130260521042,0.9734713396589691
rf_flattened_splt,0.25851703406813625,0.9733546154813338
rf_flattened_splt,0.2605210420841683,0.9732555064023514
rf_flattened_splt,0.2625250501002004,0.9733016995436561
rf_flattened_splt,0.26452905811623245,0.9733095873352594
rf_flattened_splt,0.2665330661322645,0.9734123646842594
rf_flattened_splt,0.2685370741482966,0.9734045398429139
rf_flattened_splt,0.27054108216432865,0.9733235060204837
rf_flattened_splt,0.2725450901803607,0.9732480753979483
rf_flattened_splt,0.2745490981963928,0.9732977067759185
rf_flattened_splt,0.27655310621242485,0.9733467936544026
rf_flattened_splt,0.2785571142284569,0.9734113344944945
rf_flattened_splt,0.280561122244489,0.9735531188387637
rf_flattened_splt,0.282565130260521,0.973725025282865
rf_flattened_splt,0.28456913827655306,0.9739030244646739
rf_flattened_splt,0.2865731462925851,0.9739865639381584
rf_flattened_splt,0.2885771543086172,0.9739153552402829
rf_flattened_splt,0.29058116232464926,0.9740277150598923
rf_flattened_splt,0.2925851703406813,0.9741890567706678
rf_flattened_splt,0.2945891783567134,0.9743742137186313
rf_flattened_splt,0.29659318637274545,0.9745538874401994
rf_flattened_splt,0.2985971943887775,0.9747285658410807
rf_flattened_splt,0.3006012024048096,0.9744431809343991
rf_flattened_splt,0.30260521042084165,0.9740206565014337
rf_flattened_splt,0.3046092184368737,0.9737236371468599
rf_flattened_splt,0.3066132264529058,0.9736328430523516
rf_flattened_splt,0.30861723446893785,0.9735880015525301
rf_flattened_splt,0.3106212424849699,0.9737253512244524
rf_flattened_splt,0.312625250501002,0.9737496968737517
rf_flattened_splt,0.31462925851703405,0.9737618117889332
rf_flattened_splt,0.3166332665330661,0.97353405601407
rf_flattened_splt,0.3186372745490982,0.9735220899249902
rf_flattened_splt,0.32064128256513025,0.9734710846688568
rf_flattened_splt,0.3226452905811623,0.9734213804599772
rf_flattened_splt,0.3246492985971944,0.9733868627916843
rf_flattened_splt,0.32665330661322645,0.9733587494017868
rf_flattened_splt,0.3286573146292585,0.9733187068006873
rf_flattened_splt,0.3306613226452906,0.97330398881776
rf_flattened_splt,0.33266533066132264,0.9728201024124429
rf_flattened_splt,0.33466933867735466,0.9724359951276433
rf_flattened_splt,0.3366733466933867,0.9718537716542958
rf_flattened_splt,0.3386773547094188,0.9719165096787442
rf_flattened_splt,0.34068136272545085,0.9720144212577922
rf_flattened_splt,0.3426853707414829,0.9720350838030306
rf_flattened_splt,0.344689378757515,0.9717894911668061
rf_flattened_splt,0.34669338677354705,0.9717999402306348
rf_flattened_splt,0.3486973947895791,0.9717823708195255
rf_flattened_splt,0.3507014028056112,0.9717581805293544
rf_flattened_splt,0.35270541082164325,0.9717531951115924
rf_flattened_splt,0.3547094188376753,0.9717618224296236
rf_flattened_splt,0.3567134268537074,0.9716767068010844
rf_flattened_splt,0.35871743486973945,0.9714372294691441
rf_flattened_splt,0.3607214428857715,0.9712006244240646
rf_flattened_splt,0.3627254509018036,0.9709826659174485
rf_flattened_splt,0.36472945891783565,0.9707737167729007
rf_flattened_splt,0.3667334669338677,0.9705974822494989
rf_flattened_splt,0.3687374749498998,0.9706286133508942
rf_flattened_splt,0.37074148296593185,0.9706691303677099
rf_flattened_splt,0.3727454909819639,0.9705848814762229
rf_flattened_splt,0.374749498997996,0.9704227451518347
rf_flattened_splt,0.37675350701402804,0.9702471952793054
rf_flattened_splt,0.3787575150300601,0.9701417595084687
rf_flattened_splt,0.3807615230460922,0.9700828021791786
rf_flattened_splt,0.38276553106212424,0.9701334301812556
rf_flattened_splt,0.38476953907815625,0.9701881818584256
rf_flattened_splt,0.3867735470941883,0.9701528964766969
rf_flattened_splt,0.3887775551102204,0.9700622234770855
rf_flattened_splt,0.39078156312625245,0.9699721524536596
rf_flattened_splt,0.3927855711422845,0.969875177119411
rf_flattened_splt,0.3947895791583166,0.9697506971921456
rf_flattened_splt,0.39679358717434865,0.9696197742173401
rf_flattened_splt,0.3987975951903807,0.9695583567018266
rf_flattened_splt,0.4008016032064128,0.969563122454255
rf_flattened_splt,0.40280561122244485,0.9695582192784878
rf_flattened_splt,0.4048096192384769,0.9695742858373225
rf_flattened_splt,0.406813627254509,0.9696067394730553
rf_flattened_splt,0.40881763527054105,0.9696542327947059
rf_flattened_splt,0.4108216432865731,0.9697465776444757
rf_flattened_splt,0.4128256513026052,0.9698413866280147
rf_flattened_splt,0.41482965931863724,0.9699152346239435
rf_flattened_splt,0.4168336673346693,0.9699621196389556
rf_flattened_splt,0.4188376753507014,0.970007991471418
rf_flattened_splt,0.42084168336673344,0.970063219952925
rf_flattened_splt,0.4228456913827655,0.9700702956364438
rf_flattened_splt,0.4248496993987976,0.9699396154058976
rf_flattened_splt,0.42685370741482964,0.9697117025167822
rf_flattened_splt,0.4288577154308617,0.9694705550281925
rf_flattened_splt,0.4308617234468938,0.9692369874906668
rf_flattened_splt,0.43286573146292584,0.9691771405777755
rf_flattened_splt,0.4348697394789579,0.9691095454767237
rf_flattened_splt,0.4368737474949899,0.9690736131185026
rf_flattened_splt,0.438877755511022,0.9690200725433921
rf_flattened_splt,0.44088176352705405,0.9689769391281031
rf_flattened_splt,0.4428857715430861,0.9684981059857408
rf_flattened_splt,0.4448897795591182,0.9685216171900574
rf_flattened_splt,0.44689378757515025,0.9685696854336265
rf_flattened_splt,0.4488977955911823,0.9686003438185062
rf_flattened_splt,0.4509018036072144,0.968654654254146
rf_flattened_splt,0.45290581162324645,0.9687001874422253
rf_flattened_splt,0.4549098196392785,0.9687294954083697
rf_flattened_splt,0.4569138276553106,0.9687543067342517
rf_flattened_splt,0.45891783567134264,0.9687742413243526
rf_flattened_splt,0.4609218436873747,0.9687738063140232
rf_flattened_splt,0.4629258517034068,0.9687629569017784
rf_flattened_splt,0.46492985971943884,0.9687581286320215
rf_flattened_splt,0.4669338677354709,0.9687590903103235
rf_flattened_splt,0.468937875751503,0.9687603783531283
rf_flattened_splt,0.47094188376753504,0.9687646284683001
rf_flattened_splt,0.4729458917835671,0.9687685595447949
rf_flattened_splt,0.4749498997995992,0.9687802624899324
rf_flattened_splt,0.47695390781563124,0.9688148614477694
rf_flattened_splt,0.4789579158316633,0.9688417697225639
rf_flattened_splt,0.48096192384769537,0.9688272359488127
rf_flattened_splt,0.48296593186372744,0.9688101851984976
rf_flattened_splt,0.4849699398797595,0.9687918518934471
rf_flattened_splt,0.48697394789579157,0.9687427179864939
rf_flattened_splt,0.4889779559118236,0.9687102358401792
rf_flattened_splt,0.49098196392785565,0.968659800581282
rf_flattened_splt,0.4929859719438877,0.968586229457301
rf_flattened_splt,0.4949899799599198,0.9685018030974292
rf_flattened_splt,0.49699398797595185,0.9684360614923516
rf_flattened_splt,0.4989979959919839,0.9683939456775276
rf_flattened_splt,0.501002004008016,0.9683458629560305
rf_flattened_splt,0.503006012024048,0.9682444743254079
rf_flattened_splt,0.5050100200400801,0.9681385072612839
rf_flattened_splt,0.5070140280561122,0.9680550275458302
rf_flattened_splt,0.5090180360721442,0.9679797749796163
rf_flattened_splt,0.5110220440881763,0.9679023322314464
rf_flattened_splt,0.5130260521042084,0.9678778433862611
rf_flattened_splt,0.5150300601202404,0.9678519702917029
rf_flattened_splt,0.5170340681362725,0.9678260819467602
rf_flattened_splt,0.5190380761523046,0.9677967562241475
rf_flattened_splt,0.5210420841683366,0.9677329566053661
rf_flattened_splt,0.5230460921843687,0.9676197778252161
rf_flattened_splt,0.5250501002004008,0.9674677997326241
rf_flattened_splt,0.5270541082164328,0.9672864879896811
rf_flattened_splt,0.5290581162324649,0.9671743005818678
rf_flattened_splt,0.531062124248497,0.9670936921710044
rf_flattened_splt,0.533066132264529,0.9670569139504368
rf_flattened_splt,0.5350701402805611,0.9669041350065728
rf_flattened_splt,0.5370741482965932,0.9667741641278047
rf_flattened_splt,0.5390781563126252,0.96666122697085
rf_flattened_splt,0.5410821643286573,0.9665522214140715
rf_flattened_splt,0.5430861723446894,0.9662900907650807
rf_flattened_splt,0.5450901803607214,0.9660281620153801
rf_flattened_splt,0.5470941883767535,0.9657394408072679
rf_flattened_splt,0.5490981963927856,0.9655666429490549
rf_flattened_splt,0.5511022044088176,0.9655036379068341
rf_flattened_splt,0.5531062124248497,0.965432057499432
rf_flattened_splt,0.5551102204408818,0.9653771322318747
rf_flattened_splt,0.5571142284569138,0.9653261118635191
rf_flattened_splt,0.5591182364729459,0.9653041379938141
rf_flattened_splt,0.561122244488978,0.9652663734652427
rf_flattened_splt,0.56312625250501,0.9652686477021691
rf_flattened_splt,0.565130260521042,0.9652449013182312
rf_flattened_splt,0.567134268537074,0.9651863334748433
rf_flattened_splt,0.5691382765531061,0.9651262898222148
rf_flattened_splt,0.5711422845691382,0.9650945298793793
rf_flattened_splt,0.5731462925851702,0.9650467283464116
rf_flattened_splt,0.5751503006012023,0.9647886420681316
rf_flattened_splt,0.5771543086172344,0.9645478183628079
rf_flattened_splt,0.5791583166332664,0.9644599638380874
rf_flattened_splt,0.5811623246492985,0.964475671265499
rf_flattened_splt,0.5831663326653306,0.9644048325116602
rf_flattened_splt,0.5851703406813626,0.9643159324623308
rf_flattened_splt,0.5871743486973947,0.964257101124887
rf_flattened_splt,0.5891783567134268,0.9642281703221031
rf_flattened_splt,0.5911823647294588,0.9641878164988531
rf_flattened_splt,0.5931863727454909,0.9641423709980803
rf_flattened_splt,0.595190380761523,0.9640992079775328
rf_flattened_splt,0.597194388777555,0.9639904573789929
rf_flattened_splt,0.5991983967935871,0.963285345634214
rf_flattened_splt,0.6012024048096192,0.9631077331552188
rf_flattened_splt,0.6032064128256512,0.9629253308595704
rf_flattened_splt,0.6052104208416833,0.962794142998514
rf_flattened_splt,0.6072144288577154,0.9623442707223884
rf_flattened_splt,0.6092184368737474,0.9621977833197805
rf_flattened_splt,0.6112224448897795,0.9620731313933194
rf_flattened_splt,0.6132264529058116,0.9619497892373258
rf_flattened_splt,0.6152304609218436,0.96181743171804
rf_flattened_splt,0.6172344689378757,0.961673691095388
rf_flattened_splt,0.6192384769539078,0.9615423356729785
rf_flattened_splt,0.6212424849699398,0.9614179790989449
rf_flattened_splt,0.6232464929859719,0.961324858851454
rf_flattened_splt,0.625250501002004,0.9611962737435357
rf_flattened_splt,0.627254509018036,0.9610501176669771
rf_flattened_splt,0.6292585170340681,0.9608552927322452
rf_flattened_splt,0.6312625250501002,0.96067297015742
rf_flattened_splt,0.6332665330661322,0.9604931753899829
rf_flattened_splt,0.6352705410821643,0.9603141694693147
rf_flattened_splt,0.6372745490981964,0.960179337465138
rf_flattened_splt,0.6392785571142284,0.9601156593722996
rf_flattened_splt,0.6412825651302605,0.96005481520865
rf_flattened_splt,0.6432865731462926,0.9599359378283195
rf_flattened_splt,0.6452905811623246,0.9598071132828733
rf_flattened_splt,0.6472945891783567,0.9597177774937509
rf_flattened_splt,0.6492985971943888,0.9596285104950677
rf_flattened_splt,0.6513026052104208,0.9593924454926726
rf_flattened_splt,0.6533066132264529,0.9590071825469939
rf_flattened_splt,0.655310621242485,0.9587118527554283
rf_flattened_splt,0.657314629258517,0.958533325913035
rf_flattened_splt,0.6593186372745491,0.9583999542807151
rf_flattened_splt,0.6613226452905812,0.9583127116096304
rf_flattened_splt,0.6633266533066132,0.9581879782672003
rf_flattened_splt,0.6653306613226453,0.9580289822605278
rf_flattened_splt,0.6673346693386772,0.9578235268768281
rf_flattened_splt,0.6693386773547093,0.9576026042441116
rf_flattened_splt,0.6713426853707414,0.9574419616495918
rf_flattened_splt,0.6733466933867734,0.9573271176400999
rf_flattened_splt,0.6753507014028055,0.95715543851574
rf_flattened_splt,0.6773547094188376,0.9569779633649668
rf_flattened_splt,0.6793587174348696,0.956835243309467
rf_flattened_splt,0.6813627254509017,0.9566966493291654
rf_flattened_splt,0.6833667334669338,0.9565702625230844
rf_flattened_splt,0.6853707414829658,0.9564243772308725
rf_flattened_splt,0.6873747494989979,0.956272101647682
rf_flattened_splt,0.68937875751503,0.9561197163106712
rf_flattened_splt,0.691382765531062,0.9559337643861615
rf_flattened_splt,0.6933867735470941,0.955728778424953
rf_flattened_splt,0.6953907815631262,0.9555240242283144
rf_flattened_splt,0.6973947895791582,0.9553403397036692
rf_flattened_splt,0.6993987975951903,0.9551804728719903
rf_flattened_splt,0.7014028056112224,0.9549908989662255
rf_flattened_splt,0.7034068136272544,0.9547798143351265
rf_flattened_splt,0.7054108216432865,0.9544517709086762
rf_flattened_splt,0.7074148296593186,0.9541023393214563
rf_flattened_splt,0.7094188376753506,0.9537282574596347
rf_flattened_splt,0.7114228456913827,0.9532042920576236
rf_flattened_splt,0.7134268537074148,0.9530139180288544
rf_flattened_splt,0.7154308617234468,0.9526662729013767
rf_flattened_splt,0.7174348697394789,0.95218447985963
rf_flattened_splt,0.719438877755511,0.9516211337401329
rf_flattened_splt,0.721442885771543,0.9503667885952519
rf_flattened_splt,0.7234468937875751,0.9498325336130501
rf_flattened_splt,0.7254509018036072,0.9487992338528493
rf_flattened_splt,0.7274549098196392,0.9472524468720142
rf_flattened_splt,0.7294589178356713,0.9417524098491027
rf_flattened_splt,0.7314629258517034,0.9312311768653877
rf_flattened_splt,0.7334669338677354,0.9308772687704696
rf_flattened_splt,0.7354709418837675,0.929324400367071
rf_flattened_splt,0.7374749498997996,0.9278290468548419
rf_flattened_splt,0.7394789579158316,0.9265430427076117
rf_flattened_splt,0.7414829659318637,0.925984773802133
rf_flattened_splt,0.7434869739478958,0.9257220201587693
rf_flattened_splt,0.7454909819639278,0.9249847987891207
rf_flattened_splt,0.7474949899799599,0.9246476684248047
rf_flattened_splt,0.749498997995992,0.9239068532434221
rf_flattened_splt,0.751503006012024,0.9233212316187289
rf_flattened_splt,0.7535070140280561,0.9194352605772818
rf_flattened_splt,0.7555110220440882,0.917759283653843
rf_flattened_splt,0.7575150300601202,0.9167362903249429
rf_flattened_splt,0.7595190380761523,0.9162644388825562
rf_flattened_splt,0.7615230460921844,0.9152750870797491
rf_flattened_splt,0.7635270541082164,0.9146300726501371
rf_flattened_splt,0.7655310621242485,0.9137415768208651
rf_flattened_splt,0.7675350701402806,0.9131182849198616
rf_flattened_splt,0.7695390781563125,0.9120150034268217
rf_flattened_splt,0.7715430861723446,0.9105411538011756
rf_flattened_splt,0.7735470941883766,0.9097966789918043
rf_flattened_splt,0.7755511022044087,0.9092297990679815
rf_flattened_splt,0.7775551102204408,0.9068425482722401
rf_flattened_splt,0.7795591182364728,0.9012893811730344
rf_flattened_splt,0.7815631262525049,0.9001645534476694
rf_flattened_splt,0.783567134268537,0.8985255897398146
rf_flattened_splt,0.785571142284569,0.8976338804953115
rf_flattened_splt,0.7875751503006011,0.8967638842236313
rf_flattened_splt,0.7895791583166332,0.8959274427428745
rf_flattened_splt,0.7915831663326652,0.8948308448451096
rf_flattened_splt,0.7935871743486973,0.893514224562529
rf_flattened_splt,0.7955911823647294,0.8926563530880117
rf_flattened_splt,0.7975951903807614,0.8918499130576538
rf_flattened_splt,0.7995991983967935,0.8904642523548978
rf_flattened_splt,0.8016032064128256,0.8893792265104751
rf_flattened_splt,0.8036072144288576,0.8884866552865313
rf_flattened_splt,0.8056112224448897,0.887222658974894
rf_flattened_splt,0.8076152304609218,0.8859843568899745
rf_flattened_splt,0.8096192384769538,0.883796463160765
rf_flattened_splt,0.8116232464929859,0.882253965738539
rf_flattened_splt,0.813627254509018,0.8805154952610229
rf_flattened_splt,0.81563126252505,0.8794821155930069
rf_flattened_splt,0.8176352705410821,0.8783244075673438
rf_flattened_splt,0.8196392785571142,0.8769711895487632
rf_flattened_splt,0.8216432865731462,0.8753203673182927
rf_flattened_splt,0.8236472945891783,0.8735801574020318
rf_flattened_splt,0.8256513026052104,0.8720045065810879
rf_flattened_splt,0.8276553106212424,0.8708685589335322
rf_flattened_splt,0.8296593186372745,0.869648619643202
rf_flattened_splt,0.8316633266533066,0.8678524781528649
rf_flattened_splt,0.8336673346693386,0.8657888345950886
rf_flattened_splt,0.8356713426853707,0.8636015262463308
rf_flattened_splt,0.8376753507014028,0.8611518831368182
rf_flattened_splt,0.8396793587174348,0.8592609342424896
rf_flattened_splt,0.8416833667334669,0.8576066633759789
rf_flattened_splt,0.843687374749499,0.855463690881011
rf_flattened_splt,0.845691382765531,0.8535851662384528
rf_flattened_splt,0.8476953907815631,0.8517413399535604
rf_flattened_splt,0.8496993987975952,0.8491626753424885
rf_flattened_splt,0.8517034068136272,0.8471215158829271
rf_flattened_splt,0.8537074148296593,0.8453532855199032
rf_flattened_splt,0.8557114228456913,0.8431794861792216
rf_flattened_splt,0.8577154308617234,0.8404319648661904
rf_flattened_splt,0.8597194388777555,0.8378816631508118
rf_flattened_splt,0.8617234468937875,0.8356022769865367
rf_flattened_splt,0.8637274549098196,0.8325378690738713
rf_flattened_splt,0.8657314629258517,0.8312538557746734
rf_flattened_splt,0.8677354709418837,0.8299147296357147
rf_flattened_splt,0.8697394789579158,0.8290943950798552
rf_flattened_splt,0.8717434869739479,0.8280593882467315
rf_flattened_splt,0.8737474949899798,0.8272980198444808
rf_flattened_splt,0.8757515030060119,0.8264349114727955
rf_flattened_splt,0.877755511022044,0.825175430134932
rf_flattened_splt,0.879759519038076,0.8241713117161679
rf_flattened_splt,0.8817635270541081,0.822690457637632
rf_flattened_splt,0.8837675350701402,0.8209332594515544
rf_flattened_splt,0.8857715430861722,0.8190990011952392
rf_flattened_splt,0.8877755511022043,0.8175220565077504
rf_flattened_splt,0.8897795591182364,0.8157655585524008
rf_flattened_splt,0.8917835671342684,0.8144233585785964
rf_flattened_splt,0.8937875751503005,0.8132950225001769
rf_flattened_splt,0.8957915831663326,0.8119178981229492
rf_flattened_splt,0.8977955911823646,0.8098993420524453
rf_flattened_splt,0.8997995991983967,0.8071870130047403
rf_flattened_splt,0.9018036072144288,0.8038408393083245
rf_flattened_splt,0.9038076152304608,0.8014208127140394
rf_flattened_splt,0.9058116232464929,0.7985227140964152
rf_flattened_splt,0.907815631262525,0.7961800709437551
rf_flattened_splt,0.909819639278557,0.794776859458991
rf_flattened_splt,0.9118236472945891,0.7933536023780838
rf_flattened_splt,0.9138276553106212,0.7920029526746859
rf_flattened_splt,0.9158316633266532,0.7879065747655014
rf_flattened_splt,0.9178356713426853,0.785876062553031
rf_flattened_splt,0.9198396793587174,0.784289244420487
rf_flattened_splt,0.9218436873747494,0.7826833273268514
rf_flattened_splt,0.9238476953907815,0.7814498611640178
rf_flattened_splt,0.9258517034068136,0.7807158053849391
rf_flattened_splt,0.9278557114228456,0.7796533794003384
rf_flattened_splt,0.9298597194388777,0.7785414892941445
rf_flattened_splt,0.9318637274549098,0.7771907418387715
rf_flattened_splt,0.9338677354709418,0.7760403953849327
rf_flattened_splt,0.9358717434869739,0.7746584804892255
rf_flattened_splt,0.937875751503006,0.7734413086731529
rf_flattened_splt,0.939879759519038,0.7717680092345905
rf_flattened_splt,0.9418837675350701,0.7701661602933481
rf_flattened_splt,0.9438877755511021,0.7683578485075581
rf_flattened_splt,0.9458917835671342,0.7667251984941
rf_flattened_splt,0.9478957915831663,0.7653173403651865
rf_flattened_splt,0.9498997995991983,0.7644533276763819
rf_flattened_splt,0.9519038076152304,0.7635015860129892
rf_flattened_splt,0.9539078156312625,0.7624388810814636
rf_flattened_splt,0.9559118236472945,0.7613316717153804
rf_flattened_splt,0.9579158316633266,0.7601723195036197
rf_flattened_splt,0.9599198396793587,0.7589360703531619
rf_flattened_splt,0.9619238476953907,0.757676066380716
rf_flattened_splt,0.9639278557114228,0.7561782690733596
rf_flattened_splt,0.9659318637274549,0.7545145252181238
rf_flattened_splt,0.9679358717434869,0.7529027224422727
rf_flattened_splt,0.969939879759519,0.7505742421106706
rf_flattened_splt,0.9719438877755511,0.7481971367736353
rf_flattened_splt,0.9739478957915831,0.7462703592327531
rf_flattened_splt,0.9759519038076151,0.7433633888985496
rf_flattened_splt,0.9779559118236472,0.7404469872140362
rf_flattened_splt,0.9799599198396792,0.7353673759531631
rf_flattened_splt,0.9819639278557113,0.7327640816797614
rf_flattened_splt,0.9839679358717434,0.7269028244239765
rf_flattened_splt,0.9859719438877754,0.7207096654803669
rf_flattened_splt,0.9879759519038075,0.7151945752711025
rf_flattened_splt,0.9899799599198396,0.7090077948535586
rf_flattened_splt,0.9919839679358716,0.7029067561640941
rf_flattened_splt,0.9939879759519037,0.6437939719423442
rf_flattened_splt,0.9959919839679358,0.5604376691765754
rf_flattened_splt,0.9979959919839678,0.5414876546067123
rf_flattened_splt,1.0,0.07142857142857142
xgboost_flattened_splt,0.0,1.0
xgboost_flattened_splt,0.002004008016032064,1.0
xgboost_flattened_splt,0.004008016032064128,1.0
xgboost_flattened_splt,0.0060120240480961915,1.0
xgboost_flattened_splt,0.008016032064128256,1.0
xgboost_flattened_splt,0.01002004008016032,1.0
xgboost_flattened_splt,0.012024048096192383,1.0
xgboost_flattened_splt,0.014028056112224447,1.0
xgboost_flattened_splt,0.01603206412825651,1.0
xgboost_flattened_splt,0.018036072144288574,1.0
xgboost_flattened_splt,0.02004008016032064,1.0
xgboost_flattened_splt,0.022044088176352703,1.0
xgboost_flattened_splt,0.024048096192384766,1.0
xgboost_flattened_splt,0.026052104208416832,1.0
xgboost_flattened_splt,0.028056112224448895,1.0
xgboost_flattened_splt,0.03006012024048096,1.0
xgboost_flattened_splt,0.03206412825651302,1.0
xgboost_flattened_splt,0.03406813627254509,1.0
xgboost_flattened_splt,0.03607214428857715,1.0
xgboost_flattened_splt,0.038076152304609215,1.0
xgboost_flattened_splt,0.04008016032064128,1.0
xgboost_flattened_splt,0.04208416833667334,1.0
xgboost_flattened_splt,0.044088176352705406,1.0
xgboost_flattened_splt,0.04609218436873747,1.0
xgboost_flattened_splt,0.04809619238476953,1.0
xgboost_flattened_splt,0.0501002004008016,1.0
xgboost_flattened_splt,0.052104208416833664,1.0
xgboost_flattened_splt,0.05410821643286573,1.0
xgboost_flattened_splt,0.05611222444889779,1.0
xgboost_flattened_splt,0.058116232464929855,1.0
xgboost_flattened_splt,0.06012024048096192,1.0
xgboost_flattened_splt,0.06212424849699398,1.0
xgboost_flattened_splt,0.06412825651302605,1.0
xgboost_flattened_splt,0.06613226452905811,1.0
xgboost_flattened_splt,0.06813627254509018,1.0
xgboost_flattened_splt,0.07014028056112225,1.0
xgboost_flattened_splt,0.0721442885771543,1.0
xgboost_flattened_splt,0.07414829659318636,1.0
xgboost_flattened_splt,0.07615230460921843,1.0
xgboost_flattened_splt,0.0781563126252505,1.0
xgboost_flattened_splt,0.08016032064128256,1.0
xgboost_flattened_splt,0.08216432865731463,1.0
xgboost_flattened_splt,0.08416833667334668,1.0
xgboost_flattened_splt,0.08617234468937875,1.0
xgboost_flattened_splt,0.08817635270541081,1.0
xgboost_flattened_splt,0.09018036072144288,1.0
xgboost_flattened_splt,0.09218436873747494,1.0
xgboost_flattened_splt,0.09418837675350701,1.0
xgboost_flattened_splt,0.09619238476953906,1.0
xgboost_flattened_splt,0.09819639278557113,1.0
xgboost_flattened_splt,0.1002004008016032,1.0
xgboost_flattened_splt,0.10220440881763526,1.0
xgboost_flattened_splt,0.10420841683366733,1.0
xgboost_flattened_splt,0.1062124248496994,1.0
xgboost_flattened_splt,0.10821643286573146,1.0
xgboost_flattened_splt,0.11022044088176351,1.0
xgboost_flattened_splt,0.11222444889779558,1.0
xgboost_flattened_splt,0.11422845691382764,1.0
xgboost_flattened_splt,0.11623246492985971,1.0
xgboost_flattened_splt,0.11823647294589178,1.0
xgboost_flattened_splt,0.12024048096192384,1.0
xgboost_flattened_splt,0.1222444889779559,1.0
xgboost_flattened_splt,0.12424849699398796,1.0
xgboost_flattened_splt,0.12625250501002003,1.0
xgboost_flattened_splt,0.1282565130260521,1.0
xgboost_flattened_splt,0.13026052104208416,1.0
xgboost_flattened_splt,0.13226452905811623,1.0
xgboost_flattened_splt,0.1342685370741483,1.0
xgboost_flattened_splt,0.13627254509018036,1.0
xgboost_flattened_splt,0.13827655310621242,1.0
xgboost_flattened_splt,0.1402805611222445,0.9982325277733166
xgboost_flattened_splt,0.14228456913827653,0.9982570541780424
xgboost_flattened_splt,0.1442885771543086,0.9982804500655533
xgboost_flattened_splt,0.14629258517034066,0.9983035997639956
xgboost_flattened_splt,0.14829659318637273,0.9983258718037246
xgboost_flattened_splt,0.1503006012024048,0.9983477223247462
xgboost_flattened_splt,0.15230460921843686,0.9983689819990328
xgboost_flattened_splt,0.15430861723446893,0.9983896364156885
xgboost_flattened_splt,0.156312625250501,0.9984099512155625
xgboost_flattened_splt,0.15831663326653306,0.9983164629322214
xgboost_flattened_splt,0.16032064128256512,0.9983372316950263
xgboost_flattened_splt,0.1623246492985972,0.998357212368701
xgboost_flattened_splt,0.16432865731462926,0.9983769167671621
xgboost_flattened_splt,0.16633266533066132,0.9983960564362542
xgboost_flattened_splt,0.16833667334669336,0.9984147738971328
xgboost_flattened_splt,0.17034068136272543,0.9984331246333272
xgboost_flattened_splt,0.1723446893787575,0.9984509254014089
xgboost_flattened_splt,0.17434869739478956,0.9984685350586411
xgboost_flattened_splt,0.17635270541082163,0.9984854829984446
xgboost_flattened_splt,0.1783567134268537,0.9985022682495537
xgboost_flattened_splt,0.18036072144288576,0.9985185489257201
xgboost_flattened_splt,0.18236472945891782,0.998534556671017
xgboost_flattened_splt,0.1843687374749499,0.9984918475251561
xgboost_flattened_splt,0.18637274549098196,0.9985077561414766
xgboost_flattened_splt,0.18837675350701402,0.9985234445879361
xgboost_flattened_splt,0.1903807615230461,0.9985386476294625
xgboost_flattened_splt,0.19238476953907813,0.9985537057268925
xgboost_flattened_splt,0.1943887775551102,0.9985682995064205
xgboost_flattened_splt,0.19639278557114226,0.9985827103515206
xgboost_flattened_splt,0.19839679358717432,0.9985967842984785
xgboost_flattened_splt,0.2004008016032064,0.9986105875929709
xgboost_flattened_splt,0.20240480961923846,0.9986241690347261
xgboost_flattened_splt,0.20440881763527052,0.998637401338428
xgboost_flattened_splt,0.2064128256513026,0.9986505143493684
xgboost_flattened_splt,0.20841683366733466,0.998611646088375
xgboost_flattened_splt,0.21042084168336672,0.9986247223517025
xgboost_flattened_splt,0.2124248496993988,0.9986374770402701
xgboost_flattened_splt,0.21442885771543085,0.9986500385596389
xgboost_flattened_splt,0.21643286573146292,0.9986623737497957
xgboost_flattened_splt,0.21843687374749496,0.9986744495069436
xgboost_flattened_splt,0.22044088176352702,0.9985890694715032
xgboost_flattened_splt,0.2224448897795591,0.9986015595156604
xgboost_flattened_splt,0.22444889779559116,0.9975333356200491
xgboost_flattened_splt,0.22645290581162322,0.9974755921858532
xgboost_flattened_splt,0.2284569138276553,0.9974971916146126
xgboost_flattened_splt,0.23046092184368736,0.997518373700354
xgboost_flattened_splt,0.23246492985971942,0.9965247520071087
xgboost_flattened_splt,0.2344689378757515,0.9965533584534036
xgboost_flattened_splt,0.23647294589178355,0.9965813302781804
xgboost_flattened_splt,0.23847695390781562,0.9956463236547118
xgboost_flattened_splt,0.24048096192384769,0.9956805426348728
xgboost_flattened_splt,0.24248496993987975,0.995714504593783
xgboost_flattened_splt,0.2444889779559118,0.9957039630662984
xgboost_flattened_splt,0.24649298597194386,0.9957371527991512
xgboost_flattened_splt,0.24849699398797592,0.9957698561173534
xgboost_flattened_splt,0.250501002004008,0.9958019616576284
xgboost_flattened_splt,0.25250501002004005,0.9958337786532975
xgboost_flattened_splt,0.2545090180360721,0.9958648508063325
xgboost_flattened_splt,0.2565130260521042,0.9958957127638463
xgboost_flattened_splt,0.25851703406813625,0.99589020519296
xgboost_flattened_splt,0.2605210420841683,0.994915439908687
xgboost_flattened_splt,0.2625250501002004,0.9949520188789389
xgboost_flattened_splt,0.26452905811623245,0.9949880602276656
xgboost_flattened_splt,0.2665330661322645,0.9950237072193336
xgboost_flattened_splt,0.2685370741482966,0.9950187943873238
xgboost_flattened_splt,0.27054108216432865,0.9950538083203847
xgboost_flattened_splt,0.2725450901803607,0.9950880352641329
xgboost_flattened_splt,0.2745490981963928,0.9951220121594234
xgboost_flattened_splt,0.27655310621242485,0.9951167244147726
xgboost_flattened_splt,0.2785571142284569,0.9951499857643863
xgboost_flattened_splt,0.280561122244489,0.9951828288590246
xgboost_flattened_splt,0.282565130260521,0.9951968543904026
xgboost_flattened_splt,0.28456913827655306,0.9950110062745731
xgboost_flattened_splt,0.2865731462925851,0.9949636562298932
xgboost_flattened_splt,0.2885771543086172,0.9949970102640003
xgboost_flattened_splt,0.29058116232464926,0.9950297577556907
xgboost_flattened_splt,0.2925851703406813,0.9950621866539604
xgboost_flattened_splt,0.2945891783567134,0.9950578798953053
xgboost_flattened_splt,0.29659318637274545,0.9950896603638998
xgboost_flattened_splt,0.2985971943887775,0.9951211340749829
xgboost_flattened_splt,0.3006012024048096,0.9951520544696791
xgboost_flattened_splt,0.30260521042084165,0.9951474765032835
xgboost_flattened_splt,0.3046092184368737,0.9951778347348847
xgboost_flattened_splt,0.3066132264529058,0.9944058337794812
xgboost_flattened_splt,0.30861723446893785,0.9944401362857898
xgboost_flattened_splt,0.3106212424849699,0.9944740542549354
xgboost_flattened_splt,0.312625250501002,0.9945076046358283
xgboost_flattened_splt,0.31462925851703405,0.9941936138711158
xgboost_flattened_splt,0.3166332665330661,0.9942286151579393
xgboost_flattened_splt,0.3186372745490982,0.9942629839583604
xgboost_flattened_splt,0.32064128256513025,0.9942971266269435
xgboost_flattened_splt,0.3226452905811623,0.9943307312141655
xgboost_flattened_splt,0.3246492985971944,0.9943311995913466
xgboost_flattened_splt,0.32665330661322645,0.9943096207869138
xgboost_flattened_splt,0.3286573146292585,0.993667529358822
xgboost_flattened_splt,0.3306613226452906,0.993703807445825
xgboost_flattened_splt,0.33266533066132264,0.9937075018850786
xgboost_flattened_splt,0.33466933867735466,0.9936089468736247
xgboost_flattened_splt,0.3366733466933867,0.9936448150828604
xgboost_flattened_splt,0.3386773547094188,0.993680423593433
xgboost_flattened_splt,0.34068136272545085,0.9937155609093683
xgboost_flattened_splt,0.3426853707414829,0.9937192762208545
xgboost_flattened_splt,0.344689378757515,0.9937538844023261
xgboost_flattened_splt,0.34669338677354705,0.9937573469805417
xgboost_flattened_splt,0.3486973947895791,0.9937914396858821
xgboost_flattened_splt,0.3507014028056112,0.9931990210513231
xgboost_flattened_splt,0.35270541082164325,0.9932354108988409
xgboost_flattened_splt,0.3547094188376753,0.9932712865718256
xgboost_flattened_splt,0.3567134268537074,0.9932472819462175
xgboost_flattened_splt,0.35871743486973945,0.9932330733131985
xgboost_flattened_splt,0.3607214428857715,0.9932684542754274
xgboost_flattened_splt,0.3627254509018036,0.9933035655634794
xgboost_flattened_splt,0.36472945891783565,0.9930152348284301
xgboost_flattened_splt,0.3667334669338677,0.9929291761916045
xgboost_flattened_splt,0.3687374749498998,0.9929654582336133
xgboost_flattened_splt,0.37074148296593185,0.9930014807660966
xgboost_flattened_splt,0.3727454909819639,0.9925031599712064
xgboost_flattened_splt,0.374749498997996,0.9925129502025579
xgboost_flattened_splt,0.37675350701402804,0.9893076325202189
xgboost_flattened_splt,0.3787575150300601,0.9892548633584716
xgboost_flattened_splt,0.3807615230460922,0.9893082262384602
xgboost_flattened_splt,0.38276553106212424,0.9893332296951016
xgboost_flattened_splt,0.38476953907815625,0.9893856440357975
xgboost_flattened_splt,0.3867735470941883,0.9894101128902723
xgboost_flattened_splt,0.3887775551102204,0.9893071621084443
xgboost_flattened_splt,0.39078156312625245,0.9892291510058726
xgboost_flattened_splt,0.3927855711422845,0.989280978316707
xgboost_flattened_splt,0.3947895791583166,0.9893057348438858
xgboost_flattened_splt,0.39679358717434865,0.9893036468941023
xgboost_flattened_splt,0.3987975951903807,0.9892274343881245
xgboost_flattened_splt,0.4008016032064128,0.9886531260628436
xgboost_flattened_splt,0.40280561122244485,0.9875838597314394
xgboost_flattened_splt,0.4048096192384769,0.9875714804827852
xgboost_flattened_splt,0.406813627254509,0.9870874499258339
xgboost_flattened_splt,0.40881763527054105,0.9871465815343784
xgboost_flattened_splt,0.4108216432865731,0.9871795235321725
xgboost_flattened_splt,0.4128256513026052,0.9872376474581215
xgboost_flattened_splt,0.41482965931863724,0.9868117387860182
xgboost_flattened_splt,0.4168336673346693,0.9868208481256053
xgboost_flattened_splt,0.4188376753507014,0.9868298795423327
xgboost_flattened_splt,0.42084168336673344,0.9868886642510386
xgboost_flattened_splt,0.4228456913827655,0.986946938353986
xgboost_flattened_splt,0.4248496993987976,0.9864666509127662
xgboost_flattened_splt,0.42685370741482964,0.9862392874476553
xgboost_flattened_splt,0.4288577154308617,0.9862020027119512
xgboost_flattened_splt,0.4308617234468938,0.9851647566254906
xgboost_flattened_splt,0.43286573146292584,0.9851566075837918
xgboost_flattened_splt,0.4348697394789579,0.9851963853414766
xgboost_flattened_splt,0.4368737474949899,0.9851648257659321
xgboost_flattened_splt,0.438877755511022,0.9846289172019722
xgboost_flattened_splt,0.44088176352705405,0.9846939940839173
xgboost_flattened_splt,0.4428857715430861,0.9847351710819322
xgboost_flattened_splt,0.4448897795591182,0.9847630153619747
xgboost_flattened_splt,0.44689378757515025,0.9848131991808814
xgboost_flattened_splt,0.4488977955911823,0.9848172444534524
xgboost_flattened_splt,0.4509018036072144,0.9848441957672882
xgboost_flattened_splt,0.45290581162324645,0.9848938101156918
xgboost_flattened_splt,0.4549098196392785,0.9848752639746847
xgboost_flattened_splt,0.4569138276553106,0.9844567129929258
xgboost_flattened_splt,0.45891783567134264,0.9843706818205737
xgboost_flattened_splt,0.4609218436873747,0.9843522574498523
xgboost_flattened_splt,0.4629258517034068,0.9839514083491913
xgboost_flattened_splt,0.46492985971943884,0.9839927055264945
xgboost_flattened_splt,0.4669338677354709,0.9840339527426117
xgboost_flattened_splt,0.468937875751503,0.9840531926543231
xgboost_flattened_splt,0.47094188376753504,0.9840942773326581
xgboost_flattened_splt,0.4729458917835671,0.984113647458311
xgboost_flattened_splt,0.4749498997995992,0.9840956361775781
xgboost_flattened_splt,0.47695390781563124,0.9841368051339064
xgboost_flattened_splt,0.4789579158316633,0.9841990781470936
xgboost_flattened_splt,0.48096192384769537,0.9837758319093383
xgboost_flattened_splt,0.48296593186372744,0.983771079141512
xgboost_flattened_splt,0.4849699398797595,0.9837389055799853
xgboost_flattened_splt,0.48697394789579157,0.9836859179826085
xgboost_flattened_splt,0.4889779559118236,0.9836374202327908
xgboost_flattened_splt,0.49098196392785565,0.9835094050024685
xgboost_flattened_splt,0.4929859719438877,0.983529786471719
xgboost_flattened_splt,0.4949899799599198,0.9835036416324421
xgboost_flattened_splt,0.49699398797595185,0.9834980727000043
xgboost_flattened_splt,0.4989979959919839,0.9834795086711008
xgboost_flattened_splt,0.501002004008016,0.9835176387391993
xgboost_flattened_splt,0.503006012024048,0.9835355173790896
xgboost_flattened_splt,0.5050100200400801,0.9835535138701059
xgboost_flattened_splt,0.5070140280561122,0.9835316863765607
xgboost_flattened_splt,0.5090180360721442,0.9834953779866729
xgboost_flattened_splt,0.5110220440881763,0.9834536119425257
xgboost_flattened_splt,0.5130260521042084,0.9835117136801591
xgboost_flattened_splt,0.5150300601202404,0.9834915193044547
xgboost_flattened_splt,0.5170340681362725,0.9835105494684819
xgboost_flattened_splt,0.5190380761523046,0.9834910916983531
xgboost_flattened_splt,0.5210420841683366,0.9830247855761142
xgboost_flattened_splt,0.5230460921843687,0.9830268184468132
xgboost_flattened_splt,0.5250501002004008,0.9828482912530877
xgboost_flattened_splt,0.5270541082164328,0.9828514192548716
xgboost_flattened_splt,0.5290581162324649,0.9828172268077295
xgboost_flattened_splt,0.531062124248497,0.9824605807255462
xgboost_flattened_splt,0.533066132264529,0.9825026563078477
xgboost_flattened_splt,0.5350701402805611,0.9824153206418224
xgboost_flattened_splt,0.5370741482965932,0.982369614352199
xgboost_flattened_splt,0.5390781563126252,0.9820057558418595
xgboost_flattened_splt,0.5410821643286573,0.9819586507013199
xgboost_flattened_splt,0.5430861723446894,0.9816215546945546
xgboost_flattened_splt,0.5450901803607214,0.9816127307528525
xgboost_flattened_splt,0.5470941883767535,0.9816577754834944
xgboost_flattened_splt,0.5490981963927856,0.9813248577474115
xgboost_flattened_splt,0.5511022044088176,0.9812998703056478
xgboost_flattened_splt,0.5531062124248497,0.9812753527245329
xgboost_flattened_splt,0.5551102204408818,0.9811990024611149
xgboost_flattened_splt,0.5571142284569138,0.9811410738715025
xgboost_flattened_splt,0.5591182364729459,0.9810669427654729
xgboost_flattened_splt,0.561122244488978,0.9811137684829364
xgboost_flattened_splt,0.56312625250501,0.9810436370840888
xgboost_flattened_splt,0.565130260521042,0.9810566281060844
xgboost_flattened_splt,0.567134268537074,0.9806214626941971
xgboost_flattened_splt,0.5691382765531061,0.9805356536872731
xgboost_flattened_splt,0.5711422845691382,0.9801453265458274
xgboost_flattened_splt,0.5731462925851702,0.9795990162077406
xgboost_flattened_splt,0.5751503006012023,0.9795678120466451
xgboost_flattened_splt,0.5771543086172344,0.9792392338989335
xgboost_flattened_splt,0.5791583166332664,0.9790171955664082
xgboost_flattened_splt,0.5811623246492985,0.9786475912778603
xgboost_flattened_splt,0.5831663326653306,0.9785089964551131
xgboost_flattened_splt,0.5851703406813626,0.9774854337601683
xgboost_flattened_splt,0.5871743486973947,0.9774944908842904
xgboost_flattened_splt,0.5891783567134268,0.9771636066751054
xgboost_flattened_splt,0.5911823647294588,0.9771261750353587
xgboost_flattened_splt,0.5931863727454909,0.9771093441850818
xgboost_flattened_splt,0.595190380761523,0.9769573832720165
xgboost_flattened_splt,0.597194388777555,0.9767521743485412
xgboost_flattened_splt,0.5991983967935871,0.9758767550969816
xgboost_flattened_splt,0.6012024048096192,0.9758266056062176
xgboost_flattened_splt,0.6032064128256512,0.9758226815458305
xgboost_flattened_splt,0.6052104208416833,0.9750682974441643
xgboost_flattened_splt,0.6072144288577154,0.9745518873982774
xgboost_flattened_splt,0.6092184368737474,0.9744029893863093
xgboost_flattened_splt,0.6112224448897795,0.9741620166274952
xgboost_flattened_splt,0.6132264529058116,0.9741638432547749
xgboost_flattened_splt,0.6152304609218436,0.9741218066741062
xgboost_flattened_splt,0.6172344689378757,0.9737046694552992
xgboost_flattened_splt,0.6192384769539078,0.9732854606150821
xgboost_flattened_splt,0.6212424849699398,0.9731607302369527
xgboost_flattened_splt,0.6232464929859719,0.9731093928649559
xgboost_flattened_splt,0.625250501002004,0.9730292871176119
xgboost_flattened_splt,0.627254509018036,0.9724400376087967
xgboost_flattened_splt,0.6292585170340681,0.9721798784148634
xgboost_flattened_splt,0.6312625250501002,0.9693928976653164
xgboost_flattened_splt,0.6332665330661322,0.9689642439782397
xgboost_flattened_splt,0.6352705410821643,0.9679585708320507
xgboost_flattened_splt,0.6372745490981964,0.9675254475054222
xgboost_flattened_splt,0.6392785571142284,0.9673372312176276
xgboost_flattened_splt,0.6412825651302605,0.9657929098199919
xgboost_flattened_splt,0.6432865731462926,0.9657222682284855
xgboost_flattened_splt,0.6452905811623246,0.9647659055387408
xgboost_flattened_splt,0.6472945891783567,0.964586584360398
xgboost_flattened_splt,0.6492985971943888,0.9644545936058154
xgboost_flattened_splt,0.6513026052104208,0.9638195310122261
xgboost_flattened_splt,0.6533066132264529,0.9636923702515522
xgboost_flattened_splt,0.655310621242485,0.9615874685679486
xgboost_flattened_splt,0.657314629258517,0.9615832597008785
xgboost_flattened_splt,0.6593186372745491,0.9606643327465114
xgboost_flattened_splt,0.6613226452905812,0.9606123935229676
xgboost_flattened_splt,0.6633266533066132,0.9605782587627799
xgboost_flattened_splt,0.6653306613226453,0.9600488473427599
xgboost_flattened_splt,0.6673346693386772,0.9597639731899236
xgboost_flattened_splt,0.6693386773547093,0.9592871386843412
xgboost_flattened_splt,0.6713426853707414,0.9592760965114253
xgboost_flattened_splt,0.6733466933867734,0.9590850623618401
xgboost_flattened_splt,0.6753507014028055,0.9588912796175982
xgboost_flattened_splt,0.6773547094188376,0.9582991717683476
xgboost_flattened_splt,0.6793587174348696,0.9578615067141857
xgboost_flattened_splt,0.6813627254509017,0.9575189984240816
xgboost_flattened_splt,0.6833667334669338,0.9574023641527086
xgboost_flattened_splt,0.6853707414829658,0.9571268492239814
xgboost_flattened_splt,0.6873747494989979,0.956842391678044
xgboost_flattened_splt,0.68937875751503,0.9566187648938953
xgboost_flattened_splt,0.691382765531062,0.9555422365028506
xgboost_flattened_splt,0.6933867735470941,0.9551521981029731
xgboost_flattened_splt,0.6953907815631262,0.9546762658863429
xgboost_flattened_splt,0.6973947895791582,0.954574567626148
xgboost_flattened_splt,0.6993987975951903,0.954197851065624
xgboost_flattened_splt,0.7014028056112224,0.9533504811024007
xgboost_flattened_splt,0.7034068136272544,0.952738700634231
xgboost_flattened_splt,0.7054108216432865,0.9523464504280915
xgboost_flattened_splt,0.7074148296593186,0.9520448072075515
xgboost_flattened_splt,0.7094188376753506,0.9515854349232379
xgboost_flattened_splt,0.7114228456913827,0.9512070255114242
xgboost_flattened_splt,0.7134268537074148,0.9506486879339608
xgboost_flattened_splt,0.7154308617234468,0.9501589999441773
xgboost_flattened_splt,0.7174348697394789,0.9496549386831139
xgboost_flattened_splt,0.719438877755511,0.9486825429931575
xgboost_flattened_splt,0.721442885771543,0.9481335409548873
xgboost_flattened_splt,0.7234468937875751,0.9468244336909065
xgboost_flattened_splt,0.7254509018036072,0.9436080209969838
xgboost_flattened_splt,0.7274549098196392,0.9426633084843034
xgboost_flattened_splt,0.7294589178356713,0.9423744329188716
xgboost_flattened_splt,0.7314629258517034,0.9420871758772035
xgboost_flattened_splt,0.7334669338677354,0.9412635884408909
xgboost_flattened_splt,0.7354709418837675,0.9406773390691404
xgboost_flattened_splt,0.7374749498997996,0.9403419083945579
xgboost_flattened_splt,0.7394789579158316,0.9398740982403968
xgboost_flattened_splt,0.7414829659318637,0.9390869273575158
xgboost_flattened_splt,0.7434869739478958,0.9384285313137591
xgboost_flattened_splt,0.7454909819639278,0.9358732679278335
xgboost_flattened_splt,0.7474949899799599,0.934381575154073
xgboost_flattened_splt,0.749498997995992,0.9338924469652647
xgboost_flattened_splt,0.751503006012024,0.9331385153407327
xgboost_flattened_splt,0.7535070140280561,0.9327071325936461
xgboost_flattened_splt,0.7555110220440882,0.93092642456039
xgboost_flattened_splt,0.7575150300601202,0.9297378267379042
xgboost_flattened_splt,0.7595190380761523,0.9286832702619636
xgboost_flattened_splt,0.7615230460921844,0.928241881218031
xgboost_flattened_splt,0.7635270541082164,0.9275410008239
xgboost_flattened_splt,0.7655310621242485,0.9266158701565538
xgboost_flattened_splt,0.7675350701402806,0.9258583681172823
xgboost_flattened_splt,0.7695390781563125,0.9245852145490182
xgboost_flattened_splt,0.7715430861723446,0.9242683913502334
xgboost_flattened_splt,0.7735470941883766,0.923459060406773
xgboost_flattened_splt,0.7755511022044087,0.9232246737715324
xgboost_flattened_splt,0.7775551102204408,0.9217376180327131
xgboost_flattened_splt,0.7795591182364728,0.9204546119454469
xgboost_flattened_splt,0.7815631262525049,0.9186586852739699
xgboost_flattened_splt,0.783567134268537,0.917495982193678
xgboost_flattened_splt,0.785571142284569,0.9166376886896209
xgboost_flattened_splt,0.7875751503006011,0.9152784393195571
xgboost_flattened_splt,0.7895791583166332,0.9146386139121339
xgboost_flattened_splt,0.7915831663326652,0.9140100948866436
xgboost_flattened_splt,0.7935871743486973,0.9131077404843551
xgboost_flattened_splt,0.7955911823647294,0.9122561088056819
xgboost_flattened_splt,0.7975951903807614,0.9113706430216324
xgboost_flattened_splt,0.7995991983967935,0.9105311749198479
xgboost_flattened_splt,0.8016032064128256,0.9095916638881779
xgboost_flattened_splt,0.8036072144288576,0.9087803476431879
xgboost_flattened_splt,0.8056112224448897,0.9049724349910653
xgboost_flattened_splt,0.8076152304609218,0.9016841080919764
xgboost_flattened_splt,0.8096192384769538,0.8996861484960288
xgboost_flattened_splt,0.8116232464929859,0.8705361180268122
xgboost_flattened_splt,0.813627254509018,0.8682904839847027
xgboost_flattened_splt,0.81563126252505,0.8656590982650535
xgboost_flattened_splt,0.8176352705410821,0.8639376872285361
xgboost_flattened_splt,0.8196392785571142,0.8579228612690981
xgboost_flattened_splt,0.8216432865731462,0.8566367368726506
xgboost_flattened_splt,0.8236472945891783,0.8522270004142475
xgboost_flattened_splt,0.8256513026052104,0.8472777840196476
xgboost_flattened_splt,0.8276553106212424,0.845387775235864
xgboost_flattened_splt,0.8296593186372745,0.8418256815178645
xgboost_flattened_splt,0.8316633266533066,0.8330585919556173
xgboost_flattened_splt,0.8336673346693386,0.8262331738400455
xgboost_flattened_splt,0.8356713426853707,0.7927359983787147
xgboost_flattened_splt,0.8376753507014028,0.7780716207356454
xgboost_flattened_splt,0.8396793587174348,0.7717128457153294
xgboost_flattened_splt,0.8416833667334669,0.767544972650038
xgboost_flattened_splt,0.843687374749499,0.7630342134874556
xgboost_flattened_splt,0.845691382765531,0.7595335387984833
xgboost_flattened_splt,0.8476953907815631,0.757048070694437
xgboost_flattened_splt,0.8496993987975952,0.7550596921653394
xgboost_flattened_splt,0.8517034068136272,0.753033456751849
xgboost_flattened_splt,0.8537074148296593,0.7509396787674048
xgboost_flattened_splt,0.8557114228456913,0.7493607487117472
xgboost_flattened_splt,0.8577154308617234,0.7468605053713643
xgboost_flattened_splt,0.8597194388777555,0.7446139479232381
xgboost_flattened_splt,0.8617234468937875,0.7413598220199689
xgboost_flattened_splt,0.8637274549098196,0.73978879703824
xgboost_flattened_splt,0.8657314629258517,0.7383593018394718
xgboost_flattened_splt,0.8677354709418837,0.7359592604168442
xgboost_flattened_splt,0.8697394789579158,0.7346354827007169
xgboost_flattened_splt,0.8717434869739479,0.7333855790671855
xgboost_flattened_splt,0.8737474949899798,0.7324800344934801
xgboost_flattened_splt,0.8757515030060119,0.732111282863231
xgboost_flattened_splt,0.877755511022044,0.7313346747107479
xgboost_flattened_splt,0.879759519038076,0.7303384129579246
xgboost_flattened_splt,0.8817635270541081,0.7299493775089289
xgboost_flattened_splt,0.8837675350701402,0.7296151880964846
xgboost_flattened_splt,0.8857715430861722,0.7286129505629645
xgboost_flattened_splt,0.8877755511022043,0.7278627273977607
xgboost_flattened_splt,0.8897795591182364,0.7268368739939486
xgboost_flattened_splt,0.8917835671342684,0.722072769419144
xgboost_flattened_splt,0.8937875751503005,0.7207379924652529
xgboost_flattened_splt,0.8957915831663326,0.7199720453438544
xgboost_flattened_splt,0.8977955911823646,0.7191610111715191
xgboost_flattened_splt,0.8997995991983967,0.7181948250086679
xgboost_flattened_splt,0.9018036072144288,0.717419953806506
xgboost_flattened_splt,0.9038076152304608,0.7170467433252684
xgboost_flattened_splt,0.9058116232464929,0.716482339405807
xgboost_flattened_splt,0.907815631262525,0.7158724948534056
xgboost_flattened_splt,0.909819639278557,0.7153734118697931
xgboost_flattened_splt,0.9118236472945891,0.7142049471670235
xgboost_flattened_splt,0.9138276553106212,0.7134352213511577
xgboost_flattened_splt,0.9158316633266532,0.711360594822863
xgboost_flattened_splt,0.9178356713426853,0.710936586475148
xgboost_flattened_splt,0.9198396793587174,0.7101624672106842
xgboost_flattened_splt,0.9218436873747494,0.7085233754998858
xgboost_flattened_splt,0.9238476953907815,0.7079015271219883
xgboost_flattened_splt,0.9258517034068136,0.7072328262855127
xgboost_flattened_splt,0.9278557114228456,0.7064447349636224
xgboost_flattened_splt,0.9298597194388777,0.7052768474716814
xgboost_flattened_splt,0.9318637274549098,0.7048973278990952
xgboost_flattened_splt,0.9338677354709418,0.7042662376179714
xgboost_flattened_splt,0.9358717434869739,0.7034558507116059
xgboost_flattened_splt,0.937875751503006,0.698388678487696
xgboost_flattened_splt,0.939879759519038,0.6969128799942957
xgboost_flattened_splt,0.9418837675350701,0.6953839527817449
xgboost_flattened_splt,0.9438877755511021,0.6931434273973146
xgboost_flattened_splt,0.9458917835671342,0.6922036127839251
xgboost_flattened_splt,0.9478957915831663,0.690495428188537
xgboost_flattened_splt,0.9498997995991983,0.6895444727034745
xgboost_flattened_splt,0.9519038076152304,0.659818632744989
xgboost_flattened_splt,0.9539078156312625,0.6573567887862378
xgboost_flattened_splt,0.9559118236472945,0.6555157401465517
xgboost_flattened_splt,0.9579158316633266,0.6536195980476187
xgboost_flattened_splt,0.9599198396793587,0.6515805224505272
xgboost_flattened_splt,0.9619238476953907,0.6500270756931135
xgboost_flattened_splt,0.9639278557114228,0.6477938632121883
xgboost_flattened_splt,0.9659318637274549,0.6450382270169902
xgboost_flattened_splt,0.9679358717434869,0.6417384700124353
xgboost_flattened_splt,0.969939879759519,0.6384596180004525
xgboost_flattened_splt,0.9719438877755511,0.634290689407213
xgboost_flattened_splt,0.9739478957915831,0.6309024724569171
xgboost_flattened_splt,0.9759519038076151,0.6180601831402007
xgboost_flattened_splt,0.9779559118236472,0.6094446505273029
xgboost_flattened_splt,0.9799599198396792,0.6003514563274022
xgboost_flattened_splt,0.9819639278557113,0.5978871392878556
xgboost_flattened_splt,0.9839679358717434,0.5949882067323469
xgboost_flattened_splt,0.9859719438877754,0.5894197013731477
xgboost_flattened_splt,0.9879759519038075,0.5846138893875608
xgboost_flattened_splt,0.9899799599198396,0.5755287148507422
xgboost_flattened_splt,0.9919839679358716,0.5650600204890596
xgboost_flattened_splt,0.9939879759519037,0.5050043353783507
xgboost_flattened_splt,0.9959919839679358,0.49247733088998674
xgboost_flattened_splt,0.9979959919839678,0.37585059352525724
xgboost_flattened_splt,1.0,0.07142857142857142
cnn1d_sequential_splt,0.0,1.0
cnn1d_sequential_splt,0.002004008016032064,1.0
cnn1d_sequential_splt,0.004008016032064128,1.0
cnn1d_sequential_splt,0.0060120240480961915,0.9971891835619291
cnn1d_sequential_splt,0.008016032064128256,0.9947169063401529
cnn1d_sequential_splt,0.01002004008016032,0.995725168825045
cnn1d_sequential_splt,0.012024048096192383,0.996403332981753
cnn1d_sequential_splt,0.014028056112224447,0.9968957065269255
cnn1d_sequential_splt,0.01603206412825651,0.9972650062028819
cnn1d_sequential_splt,0.018036072144288574,0.9975606703634506
cnn1d_sequential_splt,0.02004008016032064,0.997797814243205
cnn1d_sequential_splt,0.022044088176352703,0.9979924702011733
cnn1d_sequential_splt,0.024048096192384766,0.9981546740096735
cnn1d_sequential_splt,0.026052104208416832,0.9982941658994112
cnn1d_sequential_splt,0.028056112224448895,0.9984126214031678
cnn1d_sequential_splt,0.03006012024048096,0.9985168953066482
cnn1d_sequential_splt,0.03206412825651302,0.9986075951914399
cnn1d_sequential_splt,0.03406813627254509,0.9986881410729106
cnn1d_sequential_splt,0.03607214428857715,0.9987597699937079
cnn1d_sequential_splt,0.038076152304609215,0.9988239945934022
cnn1d_sequential_splt,0.04008016032064128,0.9988819049663953
cnn1d_sequential_splt,0.04208416833667334,0.9989343731989252
cnn1d_sequential_splt,0.044088176352705406,0.998982097566792
cnn1d_sequential_splt,0.04609218436873747,0.9990257396370994
cnn1d_sequential_splt,0.04809619238476953,0.9990658007744813
cnn1d_sequential_splt,0.0501002004008016,0.9991027035988794
cnn1d_sequential_splt,0.052104208416833664,0.999136806840666
cnn1d_sequential_splt,0.05410821643286573,0.9991684169589912
cnn1d_sequential_splt,0.05611222444889779,0.999197789193511
cnn1d_sequential_splt,0.058116232464929855,0.9992251252869159
cnn1d_sequential_splt,0.06012024048096192,0.9992506943711985
cnn1d_sequential_splt,0.06212424849699398,0.9992746189731998
cnn1d_sequential_splt,0.06412825651302605,0.9992970659959851
cnn1d_sequential_splt,0.06613226452905811,0.999318167994807
cnn1d_sequential_splt,0.06813627254509018,0.9993380421526433
cnn1d_sequential_splt,0.07014028056112225,0.9993567872092779
cnn1d_sequential_splt,0.0721442885771543,0.9993744926924787
cnn1d_sequential_splt,0.07414829659318636,0.9993912516160401
cnn1d_sequential_splt,0.07615230460921843,0.9994071377702276
cnn1d_sequential_splt,0.0781563126252505,0.9994139617885943
cnn1d_sequential_splt,0.08016032064128256,0.9994285010931553
cnn1d_sequential_splt,0.08216432865731463,0.9994423378894239
cnn1d_sequential_splt,0.08416833667334668,0.9994555179959334
cnn1d_sequential_splt,0.08617234468937875,0.9994680857181354
cnn1d_sequential_splt,0.08817635270541081,0.9994800874970642
cnn1d_sequential_splt,0.09018036072144288,0.9994915609058371
cnn1d_sequential_splt,0.09218436873747494,0.9995025397896324
cnn1d_sequential_splt,0.09418837675350701,0.9995130554093782
cnn1d_sequential_splt,0.09619238476953906,0.9995231365317316
cnn1d_sequential_splt,0.09819639278557113,0.9995328066487106
cnn1d_sequential_splt,0.1002004008016032,0.9995420905421977
cnn1d_sequential_splt,0.10220440881763526,0.9995510133111104
cnn1d_sequential_splt,0.10420841683366733,0.9995595957142217
cnn1d_sequential_splt,0.1062124248496994,0.9995678568558921
cnn1d_sequential_splt,0.10821643286573146,0.999575814276443
cnn1d_sequential_splt,0.11022044088176351,0.9995834845903466
cnn1d_sequential_splt,0.11222444889779558,0.9986263777662252
cnn1d_sequential_splt,0.11422845691382764,0.9986501823137611
cnn1d_sequential_splt,0.11623246492985971,0.9986732064790796
cnn1d_sequential_splt,0.11823647294589178,0.9986954870154184
cnn1d_sequential_splt,0.12024048096192384,0.9987169785791439
cnn1d_sequential_splt,0.1222444889779559,0.9987377919155126
cnn1d_sequential_splt,0.12424849699398796,0.9987579655456591
cnn1d_sequential_splt,0.12625250501002003,0.9987774787178294
cnn1d_sequential_splt,0.1282565130260521,0.9987963823709803
cnn1d_sequential_splt,0.13026052104208416,0.9988147319853429
cnn1d_sequential_splt,0.13226452905811623,0.9988325284177891
cnn1d_sequential_splt,0.1342685370741483,0.9988497759500337
cnn1d_sequential_splt,0.13627254509018036,0.9988665402562561
cnn1d_sequential_splt,0.13827655310621242,0.9988828374938569
cnn1d_sequential_splt,0.1402805611222445,0.9988986358999075
cnn1d_sequential_splt,0.14228456913827653,0.9989140099038595
cnn1d_sequential_splt,0.1442885771543086,0.9989289764888539
cnn1d_sequential_splt,0.14629258517034066,0.9989435131313134
cnn1d_sequential_splt,0.14829659318637273,0.9989576645147701
cnn1d_sequential_splt,0.1503006012024048,0.9989714559030923
cnn1d_sequential_splt,0.15230460921843686,0.9989848790824373
cnn1d_sequential_splt,0.15430861723446893,0.9989979469020487
cnn1d_sequential_splt,0.156312625250501,0.9990106948113774
cnn1d_sequential_splt,0.15831663326653306,0.9990231263461737
cnn1d_sequential_splt,0.16032064128256512,0.999035231198751
cnn1d_sequential_splt,0.1623246492985972,0.9990470509971062
cnn1d_sequential_splt,0.16432865731462926,0.9990585954539153
cnn1d_sequential_splt,0.16633266533066132,0.9990698427044834
cnn1d_sequential_splt,0.16833667334669336,0.9990808311763163
cnn1d_sequential_splt,0.17034068136272543,0.9990915725882539
cnn1d_sequential_splt,0.1723446893787575,0.9991020557343735
cnn1d_sequential_splt,0.17434869739478956,0.9991122983076224
cnn1d_sequential_splt,0.17635270541082163,0.9991223186280748
cnn1d_sequential_splt,0.1783567134268537,0.9991321138461579
cnn1d_sequential_splt,0.18036072144288576,0.9991416840719468
cnn1d_sequential_splt,0.18236472945891782,0.9991510527077089
cnn1d_sequential_splt,0.1843687374749499,0.9991602246490087
cnn1d_sequential_splt,0.18637274549098196,0.9991691858257891
cnn1d_sequential_splt,0.18837675350701402,0.9991779649962728
cnn1d_sequential_splt,0.1903807615230461,0.9991865675334263
cnn1d_sequential_splt,0.19238476953907813,0.9991949812640006
cnn1d_sequential_splt,0.1943887775551102,0.9992032249561449
cnn1d_sequential_splt,0.19639278557114226,0.99921130684905
cnn1d_sequential_splt,0.19839679358717432,0.9992192230396347
cnn1d_sequential_splt,0.2004008016032064,0.9992269781229071
cnn1d_sequential_splt,0.20240480961923846,0.9992345864929664
cnn1d_sequential_splt,0.20440881763527052,0.9992420479918364
cnn1d_sequential_splt,0.2064128256513026,0.9992493572516492
cnn1d_sequential_splt,0.20841683366733466,0.999256532205737
cnn1d_sequential_splt,0.21042084168336672,0.9992635758925069
cnn1d_sequential_splt,0.2124248496993988,0.9992704770146584
cnn1d_sequential_splt,0.21442885771543085,0.999277254059005
cnn1d_sequential_splt,0.21643286573146292,0.9992839111053166
cnn1d_sequential_splt,0.21843687374749496,0.9992904413392847
cnn1d_sequential_splt,0.22044088176352702,0.9992968531602289
cnn1d_sequential_splt,0.2224448897795591,0.9993031544655339
cnn1d_sequential_splt,0.22444889779559116,0.9993093424318875
cnn1d_sequential_splt,0.22645290581162322,0.99931541730892
cnn1d_sequential_splt,0.2284569138276553,0.999321390301402
cnn1d_sequential_splt,0.23046092184368736,0.9993272626513993
cnn1d_sequential_splt,0.23246492985971942,0.999333026885586
cnn1d_sequential_splt,0.2344689378757515,0.9993386969324318
cnn1d_sequential_splt,0.23647294589178355,0.9993442749570021
cnn1d_sequential_splt,0.23847695390781562,0.9993497535287968
cnn1d_sequential_splt,0.24048096192384769,0.9993551427185865
cnn1d_sequential_splt,0.24248496993987975,0.9993604467004802
cnn1d_sequential_splt,0.2444889779559118,0.9993656617652121
cnn1d_sequential_splt,0.24649298597194386,0.9993707908169324
cnn1d_sequential_splt,0.24849699398797592,0.9993758407380697
cnn1d_sequential_splt,0.250501002004008,0.9993808095421717
cnn1d_sequential_splt,0.25250501002004005,0.9993856878697949
cnn1d_sequential_splt,0.2545090180360721,0.9992129734143328
cnn1d_sequential_splt,0.2565130260521042,0.9992190914792285
cnn1d_sequential_splt,0.25851703406813625,0.9992251092590658
cnn1d_sequential_splt,0.2605210420841683,0.9992310374928695
cnn1d_sequential_splt,0.2625250501002004,0.9992368784149184
cnn1d_sequential_splt,0.26452905811623245,0.9988349750737384
cnn1d_sequential_splt,0.2665330661322645,0.9988436497385501
cnn1d_sequential_splt,0.2685370741482966,0.9988522010862845
cnn1d_sequential_splt,0.27054108216432865,0.9988606254731199
cnn1d_sequential_splt,0.2725450901803607,0.9988032166063091
cnn1d_sequential_splt,0.2745490981963928,0.9988118776261207
cnn1d_sequential_splt,0.27655310621242485,0.9988204169597987
cnn1d_sequential_splt,0.2785571142284569,0.9988288260856938
cnn1d_sequential_splt,0.280561122244489,0.9988371201899998
cnn1d_sequential_splt,0.282565130260521,0.9988453018565524
cnn1d_sequential_splt,0.28456913827655306,0.99885336218581
cnn1d_sequential_splt,0.2865731462925851,0.9988613126608238
cnn1d_sequential_splt,0.2885771543086172,0.9988691575996569
cnn1d_sequential_splt,0.29058116232464926,0.9988768921421048
cnn1d_sequential_splt,0.2925851703406813,0.9988477278710384
cnn1d_sequential_splt,0.2945891783567134,0.9988555061859559
cnn1d_sequential_splt,0.29659318637274545,0.9988631806670693
cnn1d_sequential_splt,0.2985971943887775,0.9988707480313062
cnn1d_sequential_splt,0.3006012024048096,0.9988782188309901
cnn1d_sequential_splt,0.30260521042084165,0.9988855948642011
cnn1d_sequential_splt,0.3046092184368737,0.9988575618589327
cnn1d_sequential_splt,0.3066132264529058,0.9988649732338832
cnn1d_sequential_splt,0.30861723446893785,0.9988722921424316
cnn1d_sequential_splt,0.3106212424849699,0.9988795132201398
cnn1d_sequential_splt,0.312625250501002,0.9988866425345196
cnn1d_sequential_splt,0.31462925851703405,0.9988936847646327
cnn1d_sequential_splt,0.3166332665330661,0.9988441625201724
cnn1d_sequential_splt,0.3186372745490982,0.9988176588025174
cnn1d_sequential_splt,0.32064128256513025,0.9988249997439043
cnn1d_sequential_splt,0.3226452905811623,0.9988322507017965
cnn1d_sequential_splt,0.3246492985971944,0.9988394093896715
cnn1d_sequential_splt,0.32665330661322645,0.9988464827632557
cnn1d_sequential_splt,0.3286573146292585,0.998853473129046
cnn1d_sequential_splt,0.3306613226452906,0.9988603746279335
cnn1d_sequential_splt,0.33266533066132264,0.9988671949116255
cnn1d_sequential_splt,0.33466933867735466,0.9988739364058338
cnn1d_sequential_splt,0.3366733466933867,0.9988487056492007
cnn1d_sequential_splt,0.3386773547094188,0.9988027449573763
cnn1d_sequential_splt,0.34068136272545085,0.9988097456669942
cnn1d_sequential_splt,0.3426853707414829,0.9986850442390696
cnn1d_sequential_splt,0.344689378757515,0.9986926389293158
cnn1d_sequential_splt,0.34669338677354705,0.9986487087503338
cnn1d_sequential_splt,0.3486973947895791,0.9986564288337586
cnn1d_sequential_splt,0.3507014028056112,0.9986640562314919
cnn1d_sequential_splt,0.35270541082164325,0.9986715989627378
cnn1d_sequential_splt,0.3547094188376753,0.9986790606474018
cnn1d_sequential_splt,0.3567134268537074,0.9986864354402439
cnn1d_sequential_splt,0.35871743486973945,0.9986919298010903
cnn1d_sequential_splt,0.3607214428857715,0.9986497737788748
cnn1d_sequential_splt,0.3627254509018036,0.998627607179473
cnn1d_sequential_splt,0.36472945891783565,0.998635101778173
cnn1d_sequential_splt,0.3667334669338677,0.9986425169194241
cnn1d_sequential_splt,0.3687374749498998,0.9986207752537185
cnn1d_sequential_splt,0.37074148296593185,0.9985512985495524
cnn1d_sequential_splt,0.3727454909819639,0.9985590422192647
cnn1d_sequential_splt,0.374749498997996,0.9985667053655961
cnn1d_sequential_splt,0.37675350701402804,0.998574283925591
cnn1d_sequential_splt,0.3787575150300601,0.998581783798698
cnn1d_sequential_splt,0.3807615230460922,0.9985892069207374
cnn1d_sequential_splt,0.38276553106212424,0.9985965511974821
cnn1d_sequential_splt,0.38476953907815625,0.9986038188852967
cnn1d_sequential_splt,0.3867735470941883,0.9985833289513912
cnn1d_sequential_splt,0.3887775551102204,0.9985448715976467
cnn1d_sequential_splt,0.39078156312625245,0.9985522904028457
cnn1d_sequential_splt,0.3927855711422845,0.9985596355314892
cnn1d_sequential_splt,0.3947895791583166,0.9985669079294148
cnn1d_sequential_splt,0.39679358717434865,0.9985741039804548
cnn1d_sequential_splt,0.3987975951903807,0.9985812296563432
cnn1d_sequential_splt,0.4008016032064128,0.9983639786633395
cnn1d_sequential_splt,0.40280561122244485,0.9983720650676571
cnn1d_sequential_splt,0.4048096192384769,0.9982256647317099
cnn1d_sequential_splt,0.406813627254509,0.9981471934451008
cnn1d_sequential_splt,0.40881763527054105,0.997988262571322
cnn1d_sequential_splt,0.4108216432865731,0.9979980078328081
cnn1d_sequential_splt,0.4128256513026052,0.9980076606120447
cnn1d_sequential_splt,0.41482965931863724,0.9980172213382138
cnn1d_sequential_splt,0.4168336673346693,0.9980266885376139
cnn1d_sequential_splt,0.4188376753507014,0.9980360667711832
cnn1d_sequential_splt,0.42084168336673344,0.9980453575350723
cnn1d_sequential_splt,0.4228456913827655,0.9980545577621055
cnn1d_sequential_splt,0.4248496993987976,0.998063674082555
cnn1d_sequential_splt,0.42685370741482964,0.9980727060434083
cnn1d_sequential_splt,0.4288577154308617,0.9980816525996314
cnn1d_sequential_splt,0.4308617234468938,0.9980656849747976
cnn1d_sequential_splt,0.43286573146292584,0.998074582259594
cnn1d_sequential_splt,0.4348697394789579,0.9980833982003244
cnn1d_sequential_splt,0.4368737474949899,0.998092132330337
cnn1d_sequential_splt,0.438877755511022,0.9980764240666522
cnn1d_sequential_splt,0.44088176352705405,0.998085112920168
cnn1d_sequential_splt,0.4428857715430861,0.9980695922572166
cnn1d_sequential_splt,0.4448897795591182,0.9980782325635195
cnn1d_sequential_splt,0.44689378757515025,0.9980867966797103
cnn1d_sequential_splt,0.4488977955911823,0.9980952833438123
cnn1d_sequential_splt,0.4509018036072144,0.9981036952329184
cnn1d_sequential_splt,0.45290581162324645,0.9981120343277244
cnn1d_sequential_splt,0.4549098196392785,0.9981202994692566
cnn1d_sequential_splt,0.4569138276553106,0.9980663334364783
cnn1d_sequential_splt,0.45891783567134264,0.9980747245998157
cnn1d_sequential_splt,0.4609218436873747,0.998083043585206
cnn1d_sequential_splt,0.4629258517034068,0.9980912891774049
cnn1d_sequential_splt,0.46492985971943884,0.9980994655387772
cnn1d_sequential_splt,0.4669338677354709,0.9981075728912955
cnn1d_sequential_splt,0.468937875751503,0.9981156096397096
cnn1d_sequential_splt,0.47094188376753504,0.9981235789735269
cnn1d_sequential_splt,0.4729458917835671,0.9981314822119991
cnn1d_sequential_splt,0.4749498997995992,0.9980943650984866
cnn1d_sequential_splt,0.47695390781563124,0.9981023224608575
cnn1d_sequential_splt,0.4789579158316633,0.9981102146127329
cnn1d_sequential_splt,0.48096192384769537,0.99811804122578
cnn1d_sequential_splt,0.48296593186372744,0.998125802461485
cnn1d_sequential_splt,0.4849699398797595,0.9980046887243501
cnn1d_sequential_splt,0.48697394789579157,0.9980128465933003
cnn1d_sequential_splt,0.4889779559118236,0.9977782121943204
cnn1d_sequential_splt,0.49098196392785565,0.9977872130763797
cnn1d_sequential_splt,0.4929859719438877,0.997760241802346
cnn1d_sequential_splt,0.4949899799599198,0.9975523143461588
cnn1d_sequential_splt,0.49699398797595185,0.9975406422066146
cnn1d_sequential_splt,0.4989979959919839,0.9975504345631546
cnn1d_sequential_splt,0.501002004008016,0.997560148172844
cnn1d_sequential_splt,0.503006012024048,0.9975697840441039
cnn1d_sequential_splt,0.5050100200400801,0.9975565647348478
cnn1d_sequential_splt,0.5070140280561122,0.9975451302227413
cnn1d_sequential_splt,0.5090180360721442,0.9975337949230975
cnn1d_sequential_splt,0.5110220440881763,0.99754338398878
cnn1d_sequential_splt,0.5130260521042084,0.9975529002923993
cnn1d_sequential_splt,0.5150300601202404,0.99756234010102
cnn1d_sequential_splt,0.5170340681362725,0.9975700726354572
cnn1d_sequential_splt,0.5190380761523046,0.9974567072736154
cnn1d_sequential_splt,0.5210420841683366,0.9972408856126097
cnn1d_sequential_splt,0.5230460921843687,0.9972513514500588
cnn1d_sequential_splt,0.5250501002004008,0.9972212507382449
cnn1d_sequential_splt,0.5270541082164328,0.9972115611244857
cnn1d_sequential_splt,0.5290581162324649,0.9971886623150186
cnn1d_sequential_splt,0.531062124248497,0.9971591973802599
cnn1d_sequential_splt,0.533066132264529,0.9971465892885965
cnn1d_sequential_splt,0.5350701402805611,0.9971373494038669
cnn1d_sequential_splt,0.5370741482965932,0.9971479260042034
cnn1d_sequential_splt,0.5390781563126252,0.9971387619833859
cnn1d_sequential_splt,0.5410821643286573,0.9971028021241762
cnn1d_sequential_splt,0.5430861723446894,0.9969847986644567
cnn1d_sequential_splt,0.5450901803607214,0.9969080841001091
cnn1d_sequential_splt,0.5470941883767535,0.9968805700076285
cnn1d_sequential_splt,0.5490981963927856,0.996768575256089
cnn1d_sequential_splt,0.5511022044088176,0.9965799590304955
cnn1d_sequential_splt,0.5531062124248497,0.9964575364099202
cnn1d_sequential_splt,0.5551102204408818,0.9962698245367356
cnn1d_sequential_splt,0.5571142284569138,0.9961145778087193
cnn1d_sequential_splt,0.5591182364729459,0.9960401245825417
cnn1d_sequential_splt,0.561122244488978,0.9960352826669444
cnn1d_sequential_splt,0.56312625250501,0.9960492422631845
cnn1d_sequential_splt,0.565130260521042,0.9960631052958873
cnn1d_sequential_splt,0.567134268537074,0.9960582423509549
cnn1d_sequential_splt,0.5691382765531061,0.9960348782792391
cnn1d_sequential_splt,0.5711422845691382,0.996030174141259
cnn1d_sequential_splt,0.5731462925851702,0.9958395947928075
cnn1d_sequential_splt,0.5751503006012023,0.995823336254588
cnn1d_sequential_splt,0.5771543086172344,0.9939694593817624
cnn1d_sequential_splt,0.5791583166332664,0.9939384025185394
cnn1d_sequential_splt,0.5811623246492985,0.9937402503230225
cnn1d_sequential_splt,0.5831663326653306,0.9934472289762787
cnn1d_sequential_splt,0.5851703406813626,0.9934392379875582
cnn1d_sequential_splt,0.5871743486973947,0.9931515508538045
cnn1d_sequential_splt,0.5891783567134268,0.9928383413671297
cnn1d_sequential_splt,0.5911823647294588,0.9928443081196486
cnn1d_sequential_splt,0.5931863727454909,0.9927277540588205
cnn1d_sequential_splt,0.595190380761523,0.9927517000105227
cnn1d_sequential_splt,0.597194388777555,0.9927403362351337
cnn1d_sequential_splt,0.5991983967935871,0.9927115935324027
cnn1d_sequential_splt,0.6012024048096192,0.9926831161827941
cnn1d_sequential_splt,0.6032064128256512,0.9926548914218778
cnn1d_sequential_splt,0.6052104208416833,0.992632446504498
cnn1d_sequential_splt,0.6072144288577154,0.9926390378936576
cnn1d_sequential_splt,0.6092184368737474,0.9925966311772315
cnn1d_sequential_splt,0.6112224448897795,0.9925691974646537
cnn1d_sequential_splt,0.6132264529058116,0.9925473994891064
cnn1d_sequential_splt,0.6152304609218436,0.9925711524724891
cnn1d_sequential_splt,0.6172344689378757,0.9923984190138374
cnn1d_sequential_splt,0.6192384769539078,0.9922936308736864
cnn1d_sequential_splt,0.6212424849699398,0.9922678957006855
cnn1d_sequential_splt,0.6232464929859719,0.992202966142915
cnn1d_sequential_splt,0.625250501002004,0.9921995271346457
cnn1d_sequential_splt,0.627254509018036,0.9921909176538124
cnn1d_sequential_splt,0.6292585170340681,0.9921711264710756
cnn1d_sequential_splt,0.6312625250501002,0.992107539144458
cnn1d_sequential_splt,0.6332665330661322,0.9920016393013584
cnn1d_sequential_splt,0.6352705410821643,0.9919938345419554
cnn1d_sequential_splt,0.6372745490981964,0.9920184697077306
cnn1d_sequential_splt,0.6392785571142284,0.9920157641942186
cnn1d_sequential_splt,0.6412825651302605,0.9919860198725691
cnn1d_sequential_splt,0.6432865731462926,0.9919944054325593
cnn1d_sequential_splt,0.6452905811623246,0.9918386271579646
cnn1d_sequential_splt,0.6472945891783567,0.9918474170301261
cnn1d_sequential_splt,0.6492985971943888,0.9918551610860746
cnn1d_sequential_splt,0.6513026052104208,0.9918322306401397
cnn1d_sequential_splt,0.6533066132264529,0.9918252353502787
cnn1d_sequential_splt,0.655310621242485,0.9917761469898021
cnn1d_sequential_splt,0.657314629258517,0.9917586632493817
cnn1d_sequential_splt,0.6593186372745491,0.9916838962362301
cnn1d_sequential_splt,0.6613226452905812,0.9914360193344586
cnn1d_sequential_splt,0.6633266533066132,0.9914091118807499
cnn1d_sequential_splt,0.6653306613226453,0.9914343823539686
cnn1d_sequential_splt,0.6673346693386772,0.9914441323388015
cnn1d_sequential_splt,0.6693386773547093,0.9913715629515368
cnn1d_sequential_splt,0.6713426853707414,0.9912843102676426
cnn1d_sequential_splt,0.6733466933867734,0.9912792681487236
cnn1d_sequential_splt,0.6753507014028055,0.991228951367033
cnn1d_sequential_splt,0.6773547094188376,0.9911490317091944
cnn1d_sequential_splt,0.6793587174348696,0.9911595339898216
cnn1d_sequential_splt,0.6813627254509017,0.9911595845922907
cnn1d_sequential_splt,0.6833667334669338,0.9910091290266018
cnn1d_sequential_splt,0.6853707414829658,0.9908630872015278
cnn1d_sequential_splt,0.6873747494989979,0.9908008628482239
cnn1d_sequential_splt,0.68937875751503,0.9907976609585398
cnn1d_sequential_splt,0.691382765531062,0.9907842008977588
cnn1d_sequential_splt,0.6933867735470941,0.9906561242158025
cnn1d_sequential_splt,0.6953907815631262,0.9905997190965756
cnn1d_sequential_splt,0.6973947895791582,0.9905869822681616
cnn1d_sequential_splt,0.6993987975951903,0.9902915080370256
cnn1d_sequential_splt,0.7014028056112224,0.9902326950478333
cnn1d_sequential_splt,0.7034068136272544,0.9901366272290885
cnn1d_sequential_splt,0.7054108216432865,0.9900096237261652
cnn1d_sequential_splt,0.7074148296593186,0.9899283663317463
cnn1d_sequential_splt,0.7094188376753506,0.9898657763094219
cnn1d_sequential_splt,0.7114228456913827,0.989803631587001
cnn1d_sequential_splt,0.7134268537074148,0.9895445640924925
cnn1d_sequential_splt,0.7154308617234468,0.989476606229183
cnn1d_sequential_splt,0.7174348697394789,0.9893573537193185
cnn1d_sequential_splt,0.719438877755511,0.989147425963402
cnn1d_sequential_splt,0.721442885771543,0.9889257247648369
cnn1d_sequential_splt,0.7234468937875751,0.9887482620139652
cnn1d_sequential_splt,0.7254509018036072,0.9886261792350167
cnn1d_sequential_splt,0.7274549098196392,0.988519369334395
cnn1d_sequential_splt,0.7294589178356713,0.9883697928531043
cnn1d_sequential_splt,0.7314629258517034,0.9878954074018168
cnn1d_sequential_splt,0.7334669338677354,0.9877626425134991
cnn1d_sequential_splt,0.7354709418837675,0.9875815991218321
cnn1d_sequential_splt,0.7374749498997996,0.9873231059569898
cnn1d_sequential_splt,0.7394789579158316,0.9871762303971943
cnn1d_sequential_splt,0.7414829659318637,0.9869933185025594
cnn1d_sequential_splt,0.7434869739478958,0.9868256517196851
cnn1d_sequential_splt,0.7454909819639278,0.9866076677559686
cnn1d_sequential_splt,0.7474949899799599,0.9864364273053955
cnn1d_sequential_splt,0.749498997995992,0.9861682590913317
cnn1d_sequential_splt,0.751503006012024,0.9860023754725729
cnn1d_sequential_splt,0.7535070140280561,0.985823465686137
cnn1d_sequential_splt,0.7555110220440882,0.9857215253385762
cnn1d_sequential_splt,0.7575150300601202,0.9856722607708915
cnn1d_sequential_splt,0.7595190380761523,0.985520737445119
cnn1d_sequential_splt,0.7615230460921844,0.9852155605189831
cnn1d_sequential_splt,0.7635270541082164,0.9849507532352495
cnn1d_sequential_splt,0.7655310621242485,0.9846934713857373
cnn1d_sequential_splt,0.7675350701402806,0.984598837022629
cnn1d_sequential_splt,0.7695390781563125,0.9845215800877609
cnn1d_sequential_splt,0.7715430861723446,0.9844431645401511
cnn1d_sequential_splt,0.7735470941883766,0.9842588470263461
cnn1d_sequential_splt,0.7755511022044087,0.9841126856294335
cnn1d_sequential_splt,0.7775551102204408,0.9840372954934432
cnn1d_sequential_splt,0.7795591182364728,0.983648419933153
cnn1d_sequential_splt,0.7815631262525049,0.9833673905932697
cnn1d_sequential_splt,0.783567134268537,0.9830155754124871
cnn1d_sequential_splt,0.785571142284569,0.9827200931518129
cnn1d_sequential_splt,0.7875751503006011,0.9825639472831067
cnn1d_sequential_splt,0.7895791583166332,0.9823599633578695
cnn1d_sequential_splt,0.7915831663326652,0.9821571002750876
cnn1d_sequential_splt,0.7935871743486973,0.9819383383035643
cnn1d_sequential_splt,0.7955911823647294,0.9815827308843212
cnn1d_sequential_splt,0.7975951903807614,0.9813824203539856
cnn1d_sequential_splt,0.7995991983967935,0.9811229295825131
cnn1d_sequential_splt,0.8016032064128256,0.980740331910977
cnn1d_sequential_splt,0.8036072144288576,0.9802579800542741
cnn1d_sequential_splt,0.8056112224448897,0.9799772221173272
cnn1d_sequential_splt,0.8076152304609218,0.9797322193232193
cnn1d_sequential_splt,0.8096192384769538,0.9796369646261395
cnn1d_sequential_splt,0.8116232464929859,0.9795927670655947
cnn1d_sequential_splt,0.813627254509018,0.9793239987618717
cnn1d_sequential_splt,0.81563126252505,0.9790340634646489
cnn1d_sequential_splt,0.8176352705410821,0.97883033359434
cnn1d_sequential_splt,0.8196392785571142,0.978477146652308
cnn1d_sequential_splt,0.8216432865731462,0.9781749928705474
cnn1d_sequential_splt,0.8236472945891783,0.9779154186440896
cnn1d_sequential_splt,0.8256513026052104,0.9777402400403764
cnn1d_sequential_splt,0.8276553106212424,0.9773341405561374
cnn1d_sequential_splt,0.8296593186372745,0.9770819180072708
cnn1d_sequential_splt,0.8316633266533066,0.9765569441924157
cnn1d_sequential_splt,0.8336673346693386,0.9761095227829993
cnn1d_sequential_splt,0.8356713426853707,0.9756045840962384
cnn1d_sequential_splt,0.8376753507014028,0.9753223687314284
cnn1d_sequential_splt,0.8396793587174348,0.975241350366106
cnn1d_sequential_splt,0.8416833667334669,0.9745362470697254
cnn1d_sequential_splt,0.843687374749499,0.9741735898036433
cnn1d_sequential_splt,0.845691382765531,0.9737081733546741
cnn1d_sequential_splt,0.8476953907815631,0.9732342079378918
cnn1d_sequential_splt,0.8496993987975952,0.9727969601115459
cnn1d_sequential_splt,0.8517034068136272,0.9724122501226492
cnn1d_sequential_splt,0.8537074148296593,0.972009114264223
cnn1d_sequential_splt,0.8557114228456913,0.9715709538890808
cnn1d_sequential_splt,0.8577154308617234,0.9712797912774275
cnn1d_sequential_splt,0.8597194388777555,0.9705059335832826
cnn1d_sequential_splt,0.8617234468937875,0.9701628232721827
cnn1d_sequential_splt,0.8637274549098196,0.9697718522260969
cnn1d_sequential_splt,0.8657314629258517,0.9693326961459379
cnn1d_sequential_splt,0.8677354709418837,0.9688214759579578
cnn1d_sequential_splt,0.8697394789579158,0.9685868264329044
cnn1d_sequential_splt,0.8717434869739479,0.9682640123145908
cnn1d_sequential_splt,0.8737474949899798,0.9676438761327394
cnn1d_sequential_splt,0.8757515030060119,0.9674500937892786
cnn1d_sequential_splt,0.877755511022044,0.9670850057051866
cnn1d_sequential_splt,0.879759519038076,0.9666031755243935
cnn1d_sequential_splt,0.8817635270541081,0.9656324491280344
cnn1d_sequential_splt,0.8837675350701402,0.9652486937862708
cnn1d_sequential_splt,0.8857715430861722,0.9650600390802175
cnn1d_sequential_splt,0.8877755511022043,0.9646146830307983
cnn1d_sequential_splt,0.8897795591182364,0.9641153529910318
cnn1d_sequential_splt,0.8917835671342684,0.9636205123941235
cnn1d_sequential_splt,0.8937875751503005,0.9629506894339924
cnn1d_sequential_splt,0.8957915831663326,0.961668972950811
cnn1d_sequential_splt,0.8977955911823646,0.9609684943636668
cnn1d_sequential_splt,0.8997995991983967,0.9606236509364094
cnn1d_sequential_splt,0.9018036072144288,0.9596758806864301
cnn1d_sequential_splt,0.9038076152304608,0.959302316240222
cnn1d_sequential_splt,0.9058116232464929,0.9587901235404587
cnn1d_sequential_splt,0.907815631262525,0.958360545071993
cnn1d_sequential_splt,0.909819639278557,0.9577825122747143
cnn1d_sequential_splt,0.9118236472945891,0.9570865333298506
cnn1d_sequential_splt,0.9138276553106212,0.9565906429952088
cnn1d_sequential_splt,0.9158316633266532,0.9562702690731003
cnn1d_sequential_splt,0.9178356713426853,0.955726663394452
cnn1d_sequential_splt,0.9198396793587174,0.955379730866148
cnn1d_sequential_splt,0.9218436873747494,0.9547480606352272
cnn1d_sequential_splt,0.9238476953907815,0.9540195137797148
cnn1d_sequential_splt,0.9258517034068136,0.9536162522458632
cnn1d_sequential_splt,0.9278557114228456,0.9525231043418304
cnn1d_sequential_splt,0.9298597194388777,0.9518214374483664
cnn1d_sequential_splt,0.9318637274549098,0.9510581348697532
cnn1d_sequential_splt,0.9338677354709418,0.9501858189511655
cnn1d_sequential_splt,0.9358717434869739,0.949761725613965
cnn1d_sequential_splt,0.937875751503006,0.9492474880083924
cnn1d_sequential_splt,0.939879759519038,0.9477003612307228
cnn1d_sequential_splt,0.9418837675350701,0.9465606146541272
cnn1d_sequential_splt,0.9438877755511021,0.9456947657800389
cnn1d_sequential_splt,0.9458917835671342,0.9445022722499387
cnn1d_sequential_splt,0.9478957915831663,0.9418707062523299
cnn1d_sequential_splt,0.9498997995991983,0.9081796018877311
cnn1d_sequential_splt,0.9519038076152304,0.9060620715264412
cnn1d_sequential_splt,0.9539078156312625,0.9052480100953691
cnn1d_sequential_splt,0.9559118236472945,0.9035681904543128
cnn1d_sequential_splt,0.9579158316633266,0.9024168007773081
cnn1d_sequential_splt,0.9599198396793587,0.8997280428614026
cnn1d_sequential_splt,0.9619238476953907,0.8790882609488755
cnn1d_sequential_splt,0.9639278557114228,0.8760643976130426
cnn1d_sequential_splt,0.9659318637274549,0.8742624969564546
cnn1d_sequential_splt,0.9679358717434869,0.8715518179832324
cnn1d_sequential_splt,0.969939879759519,0.8700867929426181
cnn1d_sequential_splt,0.9719438877755511,0.8686255068081584
cnn1d_sequential_splt,0.9739478957915831,0.8665232431950016
cnn1d_sequential_splt,0.9759519038076151,0.8649336935550662
cnn1d_sequential_splt,0.9779559118236472,0.8619089846761342
cnn1d_sequential_splt,0.9799599198396792,0.8603702077216954
cnn1d_sequential_splt,0.9819639278557113,0.8576339350053882
cnn1d_sequential_splt,0.9839679358717434,0.8532285488686054
cnn1d_sequential_splt,0.9859719438877754,0.84835249513034
cnn1d_sequential_splt,0.9879759519038075,0.8404466733039057
cnn1d_sequential_splt,0.9899799599198396,0.8242878782221835
cnn1d_sequential_splt,0.9919839679358716,0.748273410569107
cnn1d_sequential_splt,0.9939879759519037,0.7037742119213602
cnn1d_sequential_splt,0.9959919839679358,0.6809527799629984
cnn1d_sequential_splt,0.9979959919839678,0.5778712874824918
cnn1d_sequential_splt,1.0,0.07142857142857142
